file,attack_type,feature_group,model,best_params,accuracy,f1_score,precision,recall
02-14-2018.csv,02-14-2018,flow_metrics,LogisticRegression,"{""C"": 0.01}",0.8146516243068539,0.7472426110678437,0.743133080637624,0.7513978456988354
02-14-2018.csv,02-14-2018,flow_metrics,DecisionTree,"{""max_depth"": 10}",0.984417374436071,0.9786957470010905,0.9757843555107117,0.9816245635833851
02-14-2018.csv,02-14-2018,flow_metrics,RandomForest,"{""max_depth"": null, ""n_estimators"": 100}",0.984471613714242,0.978770920479279,0.9758127641809737,0.9817470664928292
02-14-2018.csv,02-14-2018,flow_metrics,ExtraTrees,"{""max_depth"": null, ""n_estimators"": 200}",0.9844556609853682,0.9787490185815232,0.9757951590318064,0.9817208158693769
02-14-2018.csv,02-14-2018,flow_metrics,XGBoost,"{""learning_rate"": 0.1, ""max_depth"": 5, ""n_estimators"": 200}",0.9844109933445215,0.9787146914806489,0.9745456122847351,0.9829195943403656
02-14-2018.csv,02-14-2018,flow_metrics,LightGBM,"{""learning_rate"": 0.1, ""n_estimators"": 200, ""num_leaves"": 31}",0.9844652326226925,0.9787627525984987,0.9757792388506227,0.981764566908464
02-14-2018.csv,02-14-2018,flow_metrics,CatBoost,"{""depth"": 6, ""iterations"": 200, ""learning_rate"": 0.1}",0.9844652326226925,0.9787625673347436,0.9757875145674976,0.9817558167006466
02-14-2018.csv,02-14-2018,flow_metrics,KNN,"{""n_neighbors"": 7}",0.9835367838022372,0.977608442832098,0.9697058393092346,0.9856409089715881
02-14-2018.csv,02-14-2018,flow_metrics,LinearSVC,"{""C"": 0.1}",0.8089086419122855,0.741442650975855,0.7317229038854806,0.7514240963222877
02-14-2018.csv,02-14-2018,flow_metrics,MLP,"{""alpha"": 0.0001, ""hidden_layer_sizes"": [100]}",0.9671660934319425,0.955914167355664,0.9363984288447981,0.976260686191297
02-14-2018.csv,02-14-2018,packet_size_stats,LogisticRegression,"{""C"": 0.01}",0.7327726480891822,0.6722006966459239,0.608077775496187,0.7514415967379225
02-14-2018.csv,02-14-2018,packet_size_stats,DecisionTree,"{""max_depth"": 10}",0.9679669204214073,0.9578844927682137,0.9199655141851115,0.9990637277635344
02-14-2018.csv,02-14-2018,packet_size_stats,RandomForest,"{""max_depth"": null, ""n_estimators"": 100}",0.9679669204214073,0.9578844927682137,0.9199655141851115,0.9990637277635344
02-14-2018.csv,02-14-2018,packet_size_stats,ExtraTrees,"{""max_depth"": null, ""n_estimators"": 100}",0.9679669204214073,0.9578844927682137,0.9199655141851115,0.9990637277635344
02-14-2018.csv,02-14-2018,packet_size_stats,XGBoost,"{""learning_rate"": 0.1, ""max_depth"": 3, ""n_estimators"": 200}",0.9679669204214073,0.9578844927682137,0.9199655141851115,0.9990637277635344
02-14-2018.csv,02-14-2018,packet_size_stats,LightGBM,"{""learning_rate"": 0.1, ""n_estimators"": 100, ""num_leaves"": 31}",0.9679669204214073,0.9578844927682137,0.9199655141851115,0.9990637277635344
02-14-2018.csv,02-14-2018,packet_size_stats,CatBoost,"{""depth"": 6, ""iterations"": 100, ""learning_rate"": 0.1}",0.9679509676925335,0.9578626351269155,0.9199622896925159,0.9990199767244472
02-14-2018.csv,02-14-2018,packet_size_stats,KNN,"{""n_neighbors"": 3}",0.9679605393298578,0.9578764566222304,0.919950689302318,0.9990637277635344
02-14-2018.csv,02-14-2018,packet_size_stats,LinearSVC,"{""C"": 0.1}",0.9610881037310243,0.9493416407061267,0.9036112187369036,0.9999474987530954
02-14-2018.csv,02-14-2018,packet_size_stats,MLP,"{""alpha"": 0.0001, ""hidden_layer_sizes"": [50]}",0.9679445866009839,0.9578545989957591,0.9199474642644191,0.9990199767244472
02-14-2018.csv,02-14-2018,timing_iat,LogisticRegression,"{""C"": 0.01}",0.6353716666773018,0.0,0.0,0.0
02-14-2018.csv,02-14-2018,timing_iat,DecisionTree,"{""max_depth"": 10}",0.8132382125286352,0.7959593424520015,0.6614909531230989,0.9990462273478995
02-14-2018.csv,02-14-2018,timing_iat,RandomForest,"{""max_depth"": 10, ""n_estimators"": 200}",0.8132350219828604,0.7959508779023763,0.6614946058379781,0.9990112265166298
02-14-2018.csv,02-14-2018,timing_iat,ExtraTrees,"{""max_depth"": null, ""n_estimators"": 200}",0.8132382125286352,0.7959607649031323,0.6614890818815432,0.9990549775557169
02-14-2018.csv,02-14-2018,timing_iat,XGBoost,"{""learning_rate"": 0.1, ""max_depth"": 5, ""n_estimators"": 200}",0.8132445936201846,0.7959648914884866,0.6614986181843464,0.9990462273478995
02-14-2018.csv,02-14-2018,timing_iat,LightGBM,"{""learning_rate"": 0.1, ""n_estimators"": 200, ""num_leaves"": 31}",0.8132477841659594,0.7959690884437209,0.6615005793742758,0.9990549775557169
02-14-2018.csv,02-14-2018,timing_iat,CatBoost,"{""depth"": 6, ""iterations"": 200, ""learning_rate"": 0.1}",0.8132445936201846,0.7959634690462911,0.6615004895797726,0.9990374771400821
02-14-2018.csv,02-14-2018,timing_iat,KNN,"{""n_neighbors"": 5}",0.7256641121030163,0.3978205451438496,0.9963865988423084,0.24852340243080773
02-14-2018.csv,02-14-2018,timing_iat,LinearSVC,"{""C"": 0.1}",0.7225054717860037,0.6635617413370263,0.5946710485263224,0.7505053245014569
02-14-2018.csv,02-14-2018,timing_iat,MLP,"{""alpha"": 0.0001, ""hidden_layer_sizes"": [100]}",0.8101816696764148,0.7933087826570316,0.6578415160437205,0.9990374771400821
02-14-2018.csv,02-14-2018,flags_and_protocol,LogisticRegression,"{""C"": 0.01}",0.8980524908590863,0.8439040356422294,0.9552743922670265,0.755790450023188
02-14-2018.csv,02-14-2018,flags_and_protocol,DecisionTree,"{""max_depth"": 10}",0.9999904283626757,0.9999868748605454,0.9999737500656248,1.0
02-14-2018.csv,02-14-2018,flags_and_protocol,RandomForest,"{""max_depth"": null, ""n_estimators"": 100}",0.9999968094542252,0.9999956249152328,0.999991249868748,1.0
02-14-2018.csv,02-14-2018,flags_and_protocol,ExtraTrees,"{""max_depth"": null, ""n_estimators"": 100}",0.9999968094542252,0.9999956249152328,0.999991249868748,1.0
02-14-2018.csv,02-14-2018,flags_and_protocol,XGBoost,"{""learning_rate"": 0.1, ""max_depth"": 3, ""n_estimators"": 200}",0.9999872378169009,0.9999824998906243,0.9999650003937456,1.0
02-14-2018.csv,02-14-2018,flags_and_protocol,LightGBM,"{""learning_rate"": 0.1, ""n_estimators"": 100, ""num_leaves"": 31}",1.0,1.0,1.0,1.0
02-14-2018.csv,02-14-2018,flags_and_protocol,CatBoost,"{""depth"": 6, ""iterations"": 100, ""learning_rate"": 0.1}",0.9999744756338019,0.9999650003937456,0.9999300032373503,1.0
02-14-2018.csv,02-14-2018,flags_and_protocol,KNN,"{""n_neighbors"": 3}",1.0,1.0,1.0,1.0
02-14-2018.csv,02-14-2018,flags_and_protocol,LinearSVC,"{""C"": 0.1}",0.9096086476552679,0.8591051278353284,0.9951380247937693,0.755790450023188
02-14-2018.csv,02-14-2018,flags_and_protocol,MLP,"{""alpha"": 0.0001, ""hidden_layer_sizes"": [100]}",0.9988003547886901,0.9983576626394458,0.9967207109777688,1.0
02-14-2018.csv,02-14-2018,rates_and_ratios,LogisticRegression,"{""C"": 0.01}",0.6978999827710528,0.7008757076425395,0.5484448311834709,0.9706518029803208
02-14-2018.csv,02-14-2018,rates_and_ratios,DecisionTree,"{""max_depth"": 10}",0.9717636698933719,0.9613084308273437,0.9606112766385028,0.9620065976566944
02-14-2018.csv,02-14-2018,rates_and_ratios,RandomForest,"{""max_depth"": 20, ""n_estimators"": 200}",0.9725644968828367,0.9624584703103648,0.9604164851442014,0.964509157092481
02-14-2018.csv,02-14-2018,rates_and_ratios,ExtraTrees,"{""max_depth"": null, ""n_estimators"": 100}",0.9737673326399214,0.963724123325627,0.9719317605389387,0.955653946781236
02-14-2018.csv,02-14-2018,rates_and_ratios,XGBoost,"{""learning_rate"": 0.1, ""max_depth"": 5, ""n_estimators"": 200}",0.9713808044004008,0.9607875709277215,0.9599986022660761,0.96157783747364
02-14-2018.csv,02-14-2018,rates_and_ratios,LightGBM,"{""learning_rate"": 0.1, ""n_estimators"": 200, ""num_leaves"": 50}",0.9720348662842265,0.9617561205478495,0.9591572094966233,0.964369153767402
02-14-2018.csv,02-14-2018,rates_and_ratios,CatBoost,"{""depth"": 6, ""iterations"": 200, ""learning_rate"": 0.1}",0.9717413360729487,0.9613125008190027,0.95975718247946,0.9628728682306205
02-14-2018.csv,02-14-2018,rates_and_ratios,KNN,"{""n_neighbors"": 7}",0.9704683083088194,0.9595811390293535,0.9577576513044919,0.9614115835251087
02-14-2018.csv,02-14-2018,rates_and_ratios,LinearSVC,"{""C"": 0.1}",0.5059631300530268,0.5961377957684764,0.4246428239665583,0.9999912497921826
02-14-2018.csv,02-14-2018,rates_and_ratios,MLP,"{""alpha"": 0.001, ""hidden_layer_sizes"": [50]}",0.8471473330227869,0.8255581933905242,0.7069652578997586,0.9919585590157767
02-14-2018.csv,02-14-2018,connection_activity,LogisticRegression,"{""C"": 0.01}",0.6353748572230766,0.0,0.0,0.0
02-14-2018.csv,02-14-2018,connection_activity,DecisionTree,"{""max_depth"": 10}",0.9679669204214073,0.9578844927682137,0.9199655141851115,0.9990637277635344
02-14-2018.csv,02-14-2018,connection_activity,RandomForest,"{""max_depth"": null, ""n_estimators"": 100}",0.9679669204214073,0.9578844927682137,0.9199655141851115,0.9990637277635344
02-14-2018.csv,02-14-2018,connection_activity,ExtraTrees,"{""max_depth"": null, ""n_estimators"": 100}",0.9679669204214073,0.9578844927682137,0.9199655141851115,0.9990637277635344
02-14-2018.csv,02-14-2018,connection_activity,XGBoost,"{""learning_rate"": 0.1, ""max_depth"": 3, ""n_estimators"": 200}",0.9679637298756325,0.9578804746783672,0.9199581016839901,0.9990637277635344
02-14-2018.csv,02-14-2018,connection_activity,LightGBM,"{""learning_rate"": 0.1, ""n_estimators"": 200, ""num_leaves"": 31}",0.9679669204214073,0.9578844927682137,0.9199655141851115,0.9990637277635344
02-14-2018.csv,02-14-2018,connection_activity,CatBoost,"{""depth"": 4, ""iterations"": 200, ""learning_rate"": 0.1}",0.9679509676925335,0.9578626351269155,0.9199622896925159,0.9990199767244472
02-14-2018.csv,02-14-2018,connection_activity,KNN,"{""n_neighbors"": 3}",0.9679669204214073,0.9578844927682137,0.9199655141851115,0.9990637277635344
02-14-2018.csv,02-14-2018,connection_activity,LinearSVC,"{""C"": 0.1}",0.7616151818930146,0.6968556010873534,0.6496629774486145,0.7514415967379225
02-14-2018.csv,02-14-2018,connection_activity,MLP,"{""alpha"": 0.001, ""hidden_layer_sizes"": [50]}",0.9678265364073179,0.9577059548874703,0.919673280007733,0.9990199767244472
02-15-2018.csv,02-15-2018,flow_metrics,LogisticRegression,"{""C"": 0.01}",0.9440808546762129,0.03908400308268193,0.14687629292511378,0.022541113721506127
02-15-2018.csv,02-15-2018,flow_metrics,DecisionTree,"{""max_depth"": 20}",0.9985488443611552,0.9856413832451107,0.9840506329113924,0.9872372849069783
02-15-2018.csv,02-15-2018,flow_metrics,RandomForest,"{""max_depth"": 20, ""n_estimators"": 100}",0.998910832412346,0.9892056638516731,0.9892056638516731,0.9892056638516731
02-15-2018.csv,02-15-2018,flow_metrics,ExtraTrees,"{""max_depth"": null, ""n_estimators"": 200}",0.9989941216984608,0.9900311130865451,0.9900311130865451,0.9900311130865451
02-15-2018.csv,02-15-2018,flow_metrics,XGBoost,"{""learning_rate"": 0.1, ""max_depth"": 5, ""n_estimators"": 200}",0.9981291944965003,0.9815248339133186,0.9780593909589559,0.9850149215823227
02-15-2018.csv,02-15-2018,flow_metrics,LightGBM,"{""learning_rate"": 0.1, ""n_estimators"": 200, ""num_leaves"": 50}",0.9982669421619976,0.982914890257382,0.977758230711234,0.9881262302368404
02-15-2018.csv,02-15-2018,flow_metrics,CatBoost,"{""depth"": 6, ""iterations"": 200, ""learning_rate"": 0.1}",0.9976807137251134,0.9771637648246279,0.9708555311814479,0.983554511397549
02-15-2018.csv,02-15-2018,flow_metrics,KNN,"{""n_neighbors"": 3}",0.9978633094677495,0.9789463716423092,0.9733241275420538,0.9846339450123818
02-15-2018.csv,02-15-2018,flow_metrics,LinearSVC,"{""C"": 0.1}",0.937344032803165,0.035028861808673345,0.07853982300884955,0.022541113721506127
02-15-2018.csv,02-15-2018,flow_metrics,MLP,"{""alpha"": 0.001, ""hidden_layer_sizes"": [100]}",0.9495491166530521,0.0,0.0,0.0
02-15-2018.csv,02-15-2018,packet_size_stats,LogisticRegression,"{""C"": 0.01}",0.9495491166530521,0.0,0.0,0.0
02-15-2018.csv,02-15-2018,packet_size_stats,DecisionTree,"{""max_depth"": 20}",0.984440920666955,0.817769106667167,0.9994497432134997,0.691980443202743
02-15-2018.csv,02-15-2018,packet_size_stats,RandomForest,"{""max_depth"": null, ""n_estimators"": 100}",0.9844729550077683,0.8181306517579078,1.0,0.6922344275827037
02-15-2018.csv,02-15-2018,packet_size_stats,ExtraTrees,"{""max_depth"": null, ""n_estimators"": 100}",0.9844665481396057,0.8180692604960041,0.9998165810711666,0.6922344275827037
02-15-2018.csv,02-15-2018,packet_size_stats,XGBoost,"{""learning_rate"": 0.1, ""max_depth"": 5, ""n_estimators"": 200}",0.9844729550077683,0.8181306517579078,1.0,0.6922344275827037
02-15-2018.csv,02-15-2018,packet_size_stats,LightGBM,"{""learning_rate"": 0.1, ""n_estimators"": 200, ""num_leaves"": 31}",0.9844729550077683,0.8181306517579078,1.0,0.6922344275827037
02-15-2018.csv,02-15-2018,packet_size_stats,CatBoost,"{""depth"": 6, ""iterations"": 200, ""learning_rate"": 0.1}",0.984460141271443,0.8180078784468204,0.9996332294150009,0.6922344275827037
02-15-2018.csv,02-15-2018,packet_size_stats,KNN,"{""n_neighbors"": 3}",0.9838450819278266,0.8111306692633234,0.9887691745799854,0.6875992126484222
02-15-2018.csv,02-15-2018,packet_size_stats,LinearSVC,"{""C"": 1}",0.9721685647013598,0.63301512207485,0.9454889589905363,0.47577623976125466
02-15-2018.csv,02-15-2018,packet_size_stats,MLP,"{""alpha"": 0.0001, ""hidden_layer_sizes"": [100]}",0.9797542966059616,0.7750729589294612,0.8817718033848895,0.6914089783478317
02-15-2018.csv,02-15-2018,timing_iat,LogisticRegression,"{""C"": 0.01}",0.9278170198452741,0.355887145184804,0.3236456275345742,0.3952631913137342
02-15-2018.csv,02-15-2018,timing_iat,DecisionTree,"{""max_depth"": 20}",0.9976454759502187,0.976534814672924,0.982021317580583,0.9711092767794781
02-15-2018.csv,02-15-2018,timing_iat,RandomForest,"{""max_depth"": 20, ""n_estimators"": 200}",0.9978761232040748,0.9788388497015735,0.9840841997176228,0.9736491205790844
02-15-2018.csv,02-15-2018,timing_iat,ExtraTrees,"{""max_depth"": null, ""n_estimators"": 100}",0.9978536991655054,0.9785696008188332,0.9859490815339994,0.9712997650644485
02-15-2018.csv,02-15-2018,timing_iat,XGBoost,"{""learning_rate"": 0.1, ""max_depth"": 5, ""n_estimators"": 200}",0.9966299873464354,0.9666243654822335,0.9659501616891764,0.9672995110800686
02-15-2018.csv,02-15-2018,timing_iat,LightGBM,"{""learning_rate"": 0.1, ""n_estimators"": 200, ""num_leaves"": 50}",0.996732497237038,0.967505575023893,0.970845853845662,0.9641882024255508
02-15-2018.csv,02-15-2018,timing_iat,CatBoost,"{""depth"": 6, ""iterations"": 200, ""learning_rate"": 0.1}",0.9963576954495219,0.9639836548512781,0.9618204804045511,0.9661565813702457
02-15-2018.csv,02-15-2018,timing_iat,KNN,"{""n_neighbors"": 3}",0.9975782038345106,0.9759235668789809,0.978978978978979,0.9728871674392024
02-15-2018.csv,02-15-2018,timing_iat,LinearSVC,"{""C"": 0.1}",0.9298704210914099,0.3616376042456406,0.3343758425451604,0.39373928503397043
02-15-2018.csv,02-15-2018,timing_iat,MLP,"{""alpha"": 0.001, ""hidden_layer_sizes"": [100]}",0.9496227956369228,0.004053198226725776,0.7804878048780488,0.0020318750396850593
02-15-2018.csv,02-15-2018,flags_and_protocol,LogisticRegression,"{""C"": 0.01}",0.9801963705091858,0.7663113328797158,0.9468472676319477,0.6435964188202425
02-15-2018.csv,02-15-2018,flags_and_protocol,DecisionTree,"{""max_depth"": 5}",0.9999967965659187,0.9999682529604115,0.9999365079365079,1.0
02-15-2018.csv,02-15-2018,flags_and_protocol,RandomForest,"{""max_depth"": null, ""n_estimators"": 100}",1.0,1.0,1.0,1.0
02-15-2018.csv,02-15-2018,flags_and_protocol,ExtraTrees,"{""max_depth"": null, ""n_estimators"": 100}",0.9999935931318373,0.9999365039050099,0.9999365039050099,0.9999365039050099
02-15-2018.csv,02-15-2018,flags_and_protocol,XGBoost,"{""learning_rate"": 0.1, ""max_depth"": 5, ""n_estimators"": 100}",1.0,1.0,1.0,1.0
02-15-2018.csv,02-15-2018,flags_and_protocol,LightGBM,"{""learning_rate"": 0.1, ""n_estimators"": 100, ""num_leaves"": 31}",0.9999967965659187,0.9999682529604115,0.9999365079365079,1.0
02-15-2018.csv,02-15-2018,flags_and_protocol,CatBoost,"{""depth"": 4, ""iterations"": 200, ""learning_rate"": 0.1}",0.9999967965659187,0.9999682529604115,0.9999365079365079,1.0
02-15-2018.csv,02-15-2018,flags_and_protocol,KNN,"{""n_neighbors"": 3}",0.9999935931318373,0.9999365079365079,0.9998730239349882,1.0
02-15-2018.csv,02-15-2018,flags_and_protocol,LinearSVC,"{""C"": 0.1}",0.9802316082840805,0.7666301100480278,0.9478212081541051,0.6435964188202425
02-15-2018.csv,02-15-2018,flags_and_protocol,MLP,"{""alpha"": 0.001, ""hidden_layer_sizes"": [50]}",0.9978985472426442,0.9795981837407477,0.9600121914050594,1.0
02-15-2018.csv,02-15-2018,rates_and_ratios,LogisticRegression,"{""C"": 0.01}",0.942629699037368,0.0,0.0,0.0
02-15-2018.csv,02-15-2018,rates_and_ratios,DecisionTree,"{""max_depth"": 20}",0.9935450803261096,0.9363811448236669,0.9312358703843255,0.9415835926090546
02-15-2018.csv,02-15-2018,rates_and_ratios,RandomForest,"{""max_depth"": 20, ""n_estimators"": 200}",0.9943843800554194,0.9447090364295853,0.9385810980195538,0.9509175185726078
02-15-2018.csv,02-15-2018,rates_and_ratios,ExtraTrees,"{""max_depth"": null, ""n_estimators"": 100}",0.9937436932391523,0.9381041422368713,0.9364717792963807,0.93974220585434
02-15-2018.csv,02-15-2018,rates_and_ratios,XGBoost,"{""learning_rate"": 0.1, ""max_depth"": 5, ""n_estimators"": 200}",0.986628866144507,0.8645245050308341,0.8842706327601089,0.8456409930789256
02-15-2018.csv,02-15-2018,rates_and_ratios,LightGBM,"{""learning_rate"": 0.1, ""n_estimators"": 200, ""num_leaves"": 50}",0.9897874521487035,0.8984131030527054,0.9017463058913836,0.8951044510762588
02-15-2018.csv,02-15-2018,rates_and_ratios,CatBoost,"{""depth"": 6, ""iterations"": 200, ""learning_rate"": 0.1}",0.986286098697804,0.8603034752814489,0.8849355531686359,0.8370055241602642
02-15-2018.csv,02-15-2018,rates_and_ratios,KNN,"{""n_neighbors"": 7}",0.9944580590392901,0.9456385118149824,0.936049766718507,0.955425741316909
02-15-2018.csv,02-15-2018,rates_and_ratios,LinearSVC,"{""C"": 0.1}",0.9495491166530521,0.0,0.0,0.0
02-15-2018.csv,02-15-2018,rates_and_ratios,MLP,"{""alpha"": 0.001, ""hidden_layer_sizes"": [100]}",0.9815514231255906,0.8082059479801512,0.849838913013027,0.7704616166105784
02-15-2018.csv,02-15-2018,connection_activity,LogisticRegression,"{""C"": 0.01}",0.953409254721061,0.16018015937175192,0.8840025493945188,0.0880690837513493
02-15-2018.csv,02-15-2018,connection_activity,DecisionTree,"{""max_depth"": 20}",0.9916070027069018,0.9118438761776582,0.969866151313435,0.8603720871166424
02-15-2018.csv,02-15-2018,connection_activity,RandomForest,"{""max_depth"": null, ""n_estimators"": 200}",0.9916518507840405,0.9122854257825648,0.9707041042905236,0.8604990793066226
02-15-2018.csv,02-15-2018,connection_activity,ExtraTrees,"{""max_depth"": null, ""n_estimators"": 200}",0.9916198164432272,0.9119310530568273,0.9705481906126836,0.8599911105467014
02-15-2018.csv,02-15-2018,connection_activity,XGBoost,"{""learning_rate"": 0.1, ""max_depth"": 5, ""n_estimators"": 200}",0.991523713420787,0.9110887096774194,0.9675968881593034,0.8608165597815735
02-15-2018.csv,02-15-2018,connection_activity,LightGBM,"{""learning_rate"": 0.1, ""n_estimators"": 200, ""num_leaves"": 50}",0.9915909855364952,0.9117380047745537,0.9689822755860492,0.8608800558765636
02-15-2018.csv,02-15-2018,connection_activity,CatBoost,"{""depth"": 6, ""iterations"": 200, ""learning_rate"": 0.1}",0.9915012893822177,0.9107965434921489,0.9679817038307604,0.8599911105467014
02-15-2018.csv,02-15-2018,connection_activity,KNN,"{""n_neighbors"": 3}",0.9906107347076065,0.9019240421616196,0.9533814374646293,0.8557368721823608
02-15-2018.csv,02-15-2018,connection_activity,LinearSVC,"{""C"": 0.1}",0.9518363685871254,0.15822182408599741,0.6690340909090909,0.0897199822210934
02-15-2018.csv,02-15-2018,connection_activity,MLP,"{""alpha"": 0.0001, ""hidden_layer_sizes"": [100]}",0.9636762609517403,0.4770075181034085,0.8717127444369521,0.32833830719410756
02-16-2018.csv,02-16-2018,flow_metrics,LogisticRegression,"{""C"": 0.01}",0.9254703995574954,0.9309232333053432,0.9944354919931514,0.8750366952658953
02-16-2018.csv,02-16-2018,flow_metrics,DecisionTree,"{""max_depth"": 10}",0.9889310271383749,0.9903127625597454,0.9948519013309037,0.9858148564591976
02-16-2018.csv,02-16-2018,flow_metrics,RandomForest,"{""max_depth"": 20, ""n_estimators"": 200}",0.9897925123898109,0.9910701622165798,0.9952245308310992,0.986950332611429
02-16-2018.csv,02-16-2018,flow_metrics,ExtraTrees,"{""max_depth"": 20, ""n_estimators"": 200}",0.9886417461129849,0.990053089165857,0.9952481165974499,0.9849120144454723
02-16-2018.csv,02-16-2018,flow_metrics,XGBoost,"{""learning_rate"": 0.1, ""max_depth"": 5, ""n_estimators"": 200}",0.988635388288251,0.9900483524803959,0.9951593768187312,0.9849895591583075
02-16-2018.csv,02-16-2018,flow_metrics,LightGBM,"{""learning_rate"": 0.1, ""n_estimators"": 200, ""num_leaves"": 50}",0.9890677203701526,0.9904312477218913,0.9950910778382851,0.9858148564591976
02-16-2018.csv,02-16-2018,flow_metrics,CatBoost,"{""depth"": 6, ""iterations"": 200, ""learning_rate"": 0.1}",0.9885114107059411,0.989935670723217,0.9954578295033856,0.9844744407087587
02-16-2018.csv,02-16-2018,flow_metrics,KNN,"{""n_neighbors"": 7}",0.9891758033906279,0.9905391174844334,0.9937946722271161,0.9873048227272475
02-16-2018.csv,02-16-2018,flow_metrics,LinearSVC,"{""C"": 1}",0.9842993518197684,0.9862386215774178,0.9922629259595653,0.9802870262156519
02-16-2018.csv,02-16-2018,flow_metrics,MLP,"{""alpha"": 0.001, ""hidden_layer_sizes"": [50]}",0.9855518432923359,0.9873631705235179,0.991274103683523,0.9834829761660786
02-16-2018.csv,02-16-2018,packet_size_stats,LogisticRegression,"{""C"": 0.01}",0.9956989315675535,0.9962658659299595,0.9928379686674881,0.9997175156889571
02-16-2018.csv,02-16-2018,packet_size_stats,DecisionTree,"{""max_depth"": 5}",0.9982198090745232,0.9984515072917416,0.9969078028282561,1.0
02-16-2018.csv,02-16-2018,packet_size_stats,RandomForest,"{""max_depth"": null, ""n_estimators"": 100}",0.9982198090745232,0.9984515072917416,0.9969078028282561,1.0
02-16-2018.csv,02-16-2018,packet_size_stats,ExtraTrees,"{""max_depth"": null, ""n_estimators"": 100}",0.9982198090745232,0.9984515072917416,0.9969078028282561,1.0
02-16-2018.csv,02-16-2018,packet_size_stats,XGBoost,"{""learning_rate"": 0.1, ""max_depth"": 3, ""n_estimators"": 200}",0.9982198090745232,0.9984515072917416,0.9969078028282561,1.0
02-16-2018.csv,02-16-2018,packet_size_stats,LightGBM,"{""learning_rate"": 0.1, ""n_estimators"": 100, ""num_leaves"": 31}",0.9982198090745232,0.9984515072917416,0.9969078028282561,1.0
02-16-2018.csv,02-16-2018,packet_size_stats,CatBoost,"{""depth"": 6, ""iterations"": 100, ""learning_rate"": 0.1}",0.9982198090745232,0.9984515072917416,0.9969078028282561,1.0
02-16-2018.csv,02-16-2018,packet_size_stats,KNN,"{""n_neighbors"": 3}",0.9982134512497894,0.9984459855548551,0.9968967935373793,1.0
02-16-2018.csv,02-16-2018,packet_size_stats,LinearSVC,"{""C"": 0.1}",0.9959150976085043,0.9964537539153593,0.9929653382027787,0.999966766551642
02-16-2018.csv,02-16-2018,packet_size_stats,MLP,"{""alpha"": 0.0001, ""hidden_layer_sizes"": [50]}",0.9982198090745232,0.9984515072917416,0.9969078028282561,1.0
02-16-2018.csv,02-16-2018,timing_iat,LogisticRegression,"{""C"": 0.01}",0.9921608021031684,0.9931525487735121,0.9957737773743965,0.9905450839421517
02-16-2018.csv,02-16-2018,timing_iat,DecisionTree,"{""max_depth"": 10}",0.9978955600130971,0.998169156650497,0.9967907821985075,0.9995513484471671
02-16-2018.csv,02-16-2018,timing_iat,RandomForest,"{""max_depth"": 20, ""n_estimators"": 100}",0.9981371573529833,0.9983794247787611,0.9969512700280019,0.9998116771259714
02-16-2018.csv,02-16-2018,timing_iat,ExtraTrees,"{""max_depth"": 20, ""n_estimators"": 200}",0.997406007508591,0.997742176475471,0.9968374901171566,0.9986485064334417
02-16-2018.csv,02-16-2018,timing_iat,XGBoost,"{""learning_rate"": 0.1, ""max_depth"": 5, ""n_estimators"": 200}",0.9981244417035156,0.9983682996576195,0.9969786517164241,0.9997618269534344
02-16-2018.csv,02-16-2018,timing_iat,LightGBM,"{""learning_rate"": 0.1, ""n_estimators"": 200, ""num_leaves"": 50}",0.9981689464766524,0.9984070884563692,0.9969733957064194,0.9998449105743293
02-16-2018.csv,02-16-2018,timing_iat,CatBoost,"{""depth"": 6, ""iterations"": 200, ""learning_rate"": 0.1}",0.998025895420141,0.9982825994972248,0.9968738263040452,0.9996953600567184
02-16-2018.csv,02-16-2018,timing_iat,KNN,"{""n_neighbors"": 3}",0.9975999211629732,0.9979117052378859,0.9966518967060409,0.9991747026991099
02-16-2018.csv,02-16-2018,timing_iat,LinearSVC,"{""C"": 1}",0.9815432347976464,0.9838069100929304,0.9908093501940934,0.9769027533911965
02-16-2018.csv,02-16-2018,timing_iat,MLP,"{""alpha"": 0.0001, ""hidden_layer_sizes"": [50]}",0.9796867499753634,0.9820384528895885,0.9969523853006809,0.967564154402601
02-16-2018.csv,02-16-2018,flags_and_protocol,LogisticRegression,"{""C"": 0.01}",0.9998156230827184,0.9998393974635875,0.9996788465052409,1.0
02-16-2018.csv,02-16-2018,flags_and_protocol,DecisionTree,"{""max_depth"": 10}",1.0,1.0,1.0,1.0
02-16-2018.csv,02-16-2018,flags_and_protocol,RandomForest,"{""max_depth"": null, ""n_estimators"": 100}",1.0,1.0,1.0,1.0
02-16-2018.csv,02-16-2018,flags_and_protocol,ExtraTrees,"{""max_depth"": null, ""n_estimators"": 100}",1.0,1.0,1.0,1.0
02-16-2018.csv,02-16-2018,flags_and_protocol,XGBoost,"{""learning_rate"": 0.1, ""max_depth"": 3, ""n_estimators"": 200}",0.9999904632628992,0.9999916917069388,0.999983383551932,1.0
02-16-2018.csv,02-16-2018,flags_and_protocol,LightGBM,"{""learning_rate"": 0.1, ""n_estimators"": 100, ""num_leaves"": 31}",1.0,1.0,1.0,1.0
02-16-2018.csv,02-16-2018,flags_and_protocol,CatBoost,"{""depth"": 6, ""iterations"": 200, ""learning_rate"": 0.1}",0.9999777476134315,0.9999806141976078,0.9999612291468197,1.0
02-16-2018.csv,02-16-2018,flags_and_protocol,KNN,"{""n_neighbors"": 3}",0.9999872843505323,0.9999889223065973,0.9999778448586225,1.0
02-16-2018.csv,02-16-2018,flags_and_protocol,LinearSVC,"{""C"": 0.1}",0.9996503196396385,0.9996954528339498,0.9993910911093766,1.0
02-16-2018.csv,02-16-2018,flags_and_protocol,MLP,"{""alpha"": 0.0001, ""hidden_layer_sizes"": [50]}",0.9999459584897623,0.9999529214979825,0.9999058474285272,1.0
02-16-2018.csv,02-16-2018,rates_and_ratios,LogisticRegression,"{""C"": 0.01}",0.5739240176366058,0.729290628016982,0.5739240176366058,1.0
02-16-2018.csv,02-16-2018,rates_and_ratios,DecisionTree,"{""max_depth"": 10}",0.9895127681015218,0.9908197141004628,0.995598827845383,0.9860862629541213
02-16-2018.csv,02-16-2018,rates_and_ratios,RandomForest,"{""max_depth"": 10, ""n_estimators"": 100}",0.9893474646584418,0.9906736616523566,0.9955975476046631,0.9857982397350187
02-16-2018.csv,02-16-2018,rates_and_ratios,ExtraTrees,"{""max_depth"": 20, ""n_estimators"": 200}",0.987815228897585,0.9893028876342721,0.996985037687029,0.9817382201272841
02-16-2018.csv,02-16-2018,rates_and_ratios,XGBoost,"{""learning_rate"": 0.1, ""max_depth"": 5, ""n_estimators"": 200}",0.9887243978345249,0.9901301968117224,0.9948444961361679,0.9854603663433791
02-16-2018.csv,02-16-2018,rates_and_ratios,LightGBM,"{""learning_rate"": 0.1, ""n_estimators"": 200, ""num_leaves"": 50}",0.9890581836330518,0.990421647855028,0.9952128224773644,0.985676383757706
02-16-2018.csv,02-16-2018,rates_and_ratios,CatBoost,"{""depth"": 6, ""iterations"": 200, ""learning_rate"": 0.1}",0.9886957876232226,0.99009812766621,0.995525889922333,0.9847292304795032
02-16-2018.csv,02-16-2018,rates_and_ratios,KNN,"{""n_neighbors"": 7}",0.9887561869581941,0.9901877831380784,0.9918745275888133,0.9885067657761949
02-16-2018.csv,02-16-2018,rates_and_ratios,LinearSVC,"{""C"": 0.1}",0.5779771309044324,0.7243331914407634,0.5793638139275322,0.9660631103184318
02-16-2018.csv,02-16-2018,rates_and_ratios,MLP,"{""alpha"": 0.0001, ""hidden_layer_sizes"": [100]}",0.9836890006453192,0.9856631525417099,0.9945361661817443,0.9769470646556738
02-16-2018.csv,02-16-2018,connection_activity,LogisticRegression,"{""C"": 0.01}",0.42607598236339417,0.0,0.0,0.0
02-16-2018.csv,02-16-2018,connection_activity,DecisionTree,"{""max_depth"": 10}",0.9983851125176032,0.9985950938908709,0.997194129765975,1.0
02-16-2018.csv,02-16-2018,connection_activity,RandomForest,"{""max_depth"": 10, ""n_estimators"": 100}",0.9983851125176032,0.9985950938908709,0.997194129765975,1.0
02-16-2018.csv,02-16-2018,connection_activity,ExtraTrees,"{""max_depth"": null, ""n_estimators"": 100}",0.9983851125176032,0.9985950938908709,0.997194129765975,1.0
02-16-2018.csv,02-16-2018,connection_activity,XGBoost,"{""learning_rate"": 0.1, ""max_depth"": 5, ""n_estimators"": 200}",0.9983787546928694,0.9985895705657205,0.9971831141501566,1.0
02-16-2018.csv,02-16-2018,connection_activity,LightGBM,"{""learning_rate"": 0.1, ""n_estimators"": 100, ""num_leaves"": 31}",0.9983851125176032,0.9985950938908709,0.997194129765975,1.0
02-16-2018.csv,02-16-2018,connection_activity,CatBoost,"{""depth"": 6, ""iterations"": 200, ""learning_rate"": 0.1}",0.9983851125176032,0.9985950938908709,0.997194129765975,1.0
02-16-2018.csv,02-16-2018,connection_activity,KNN,"{""n_neighbors"": 3}",0.9975999211629732,0.9979110003126582,0.9969868860434773,0.9988368293074703
02-16-2018.csv,02-16-2018,connection_activity,LinearSVC,"{""C"": 10}",0.9716282071252141,0.9748383877397401,0.9926793978158768,0.9576273533435619
02-16-2018.csv,02-16-2018,connection_activity,MLP,"{""alpha"": 0.001, ""hidden_layer_sizes"": [50]}",0.9953428933824581,0.9959382615759546,0.9970412230351612,0.9948377376883921
02-21-2018.csv,02-21-2018,flow_metrics,LogisticRegression,"{""C"": 0.01}",0.7749457200713348,0.7929602508013008,0.9996534460002507,0.657095912719377
02-21-2018.csv,02-21-2018,flow_metrics,DecisionTree,"{""max_depth"": 10}",0.9266656706074584,0.943047240498204,0.9610581084073023,0.9256990253146765
02-21-2018.csv,02-21-2018,flow_metrics,RandomForest,"{""max_depth"": 20, ""n_estimators"": 200}",0.9308427614575949,0.9461014941939256,0.9677201909723983,0.9254276062290681
02-21-2018.csv,02-21-2018,flow_metrics,ExtraTrees,"{""max_depth"": 20, ""n_estimators"": 100}",0.9276034497557006,0.9439387151247803,0.9590767891711812,0.9292710943520597
02-21-2018.csv,02-21-2018,flow_metrics,XGBoost,"{""learning_rate"": 0.1, ""max_depth"": 5, ""n_estimators"": 200}",0.9297587523404742,0.9452774021625531,0.9664943102112338,0.9249720099067966
02-21-2018.csv,02-21-2018,flow_metrics,LightGBM,"{""learning_rate"": 0.1, ""n_estimators"": 200, ""num_leaves"": 31}",0.9305534804322049,0.9458506841165972,0.9679378237290543,0.9247490585150467
02-21-2018.csv,02-21-2018,flow_metrics,CatBoost,"{""depth"": 6, ""iterations"": 200, ""learning_rate"": 0.1}",0.9288114364551312,0.944546246954179,0.9656218197651752,0.9243710105029492
02-21-2018.csv,02-21-2018,flow_metrics,KNN,"{""n_neighbors"": 7}",0.9244404319506124,0.9411301408032099,0.9623212042627335,0.9208522559288107
02-21-2018.csv,02-21-2018,flow_metrics,LinearSVC,"{""C"": 1}",0.8434258502795854,0.8644984511436228,0.9996755126581875,0.7615244059072426
02-21-2018.csv,02-21-2018,flow_metrics,MLP,"{""alpha"": 0.001, ""hidden_layer_sizes"": [50]}",0.84335909311988,0.8643962848297214,0.9999872653643379,0.761185132050232
02-21-2018.csv,02-21-2018,packet_size_stats,LogisticRegression,"{""C"": 0.01}",0.9996566774643724,0.9997383429355016,0.9994768227640228,1.0
02-21-2018.csv,02-21-2018,packet_size_stats,DecisionTree,"{""max_depth"": 10}",0.9999872843505323,0.999990306555192,0.999980613298308,1.0
02-21-2018.csv,02-21-2018,packet_size_stats,RandomForest,"{""max_depth"": null, ""n_estimators"": 100}",0.9999872843505323,0.999990306555192,0.999980613298308,1.0
02-21-2018.csv,02-21-2018,packet_size_stats,ExtraTrees,"{""max_depth"": null, ""n_estimators"": 100}",0.9999872843505323,0.999990306555192,0.999980613298308,1.0
02-21-2018.csv,02-21-2018,packet_size_stats,XGBoost,"{""learning_rate"": 0.1, ""max_depth"": 3, ""n_estimators"": 200}",0.9999872843505323,0.999990306555192,0.999980613298308,1.0
02-21-2018.csv,02-21-2018,packet_size_stats,LightGBM,"{""learning_rate"": 0.1, ""n_estimators"": 200, ""num_leaves"": 31}",0.9999872843505323,0.999990306555192,0.999980613298308,1.0
02-21-2018.csv,02-21-2018,packet_size_stats,CatBoost,"{""depth"": 6, ""iterations"": 100, ""learning_rate"": 0.1}",0.9999745687010646,0.999980613298308,0.9999612273482898,1.0
02-21-2018.csv,02-21-2018,packet_size_stats,KNN,"{""n_neighbors"": 3}",0.9999777476134315,0.9999830365949115,0.9999660737653274,1.0
02-21-2018.csv,02-21-2018,packet_size_stats,LinearSVC,"{""C"": 0.1}",0.9997011822375093,0.9997722537190483,0.9995446111512133,1.0
02-21-2018.csv,02-21-2018,packet_size_stats,MLP,"{""alpha"": 0.0001, ""hidden_layer_sizes"": [100]}",0.9998474122063877,0.9998836910640814,0.9997674091805535,1.0
02-21-2018.csv,02-21-2018,timing_iat,LogisticRegression,"{""C"": 0.01}",0.3600213622911057,0.04787128385089055,0.9886696620433678,0.024529499861867074
02-21-2018.csv,02-21-2018,timing_iat,DecisionTree,"{""max_depth"": 5}",0.9999777476134315,0.9999830365949115,0.9999660737653274,1.0
02-21-2018.csv,02-21-2018,timing_iat,RandomForest,"{""max_depth"": 10, ""n_estimators"": 100}",0.9999777476134315,0.9999830364304773,0.9999757665054332,0.9999903064612282
02-21-2018.csv,02-21-2018,timing_iat,ExtraTrees,"{""max_depth"": null, ""n_estimators"": 100}",0.9999713897886977,0.9999781895906186,0.999975766270526,0.9999806129224565
02-21-2018.csv,02-21-2018,timing_iat,XGBoost,"{""learning_rate"": 0.1, ""max_depth"": 3, ""n_estimators"": 200}",0.9999332428402946,0.9999491073181253,0.9999806117008385,0.9999176049204402
02-21-2018.csv,02-21-2018,timing_iat,LightGBM,"{""learning_rate"": 0.1, ""n_estimators"": 100, ""num_leaves"": 31}",0.9999554952268631,0.9999660736008995,0.9999369956623937,0.9999951532306142
02-21-2018.csv,02-21-2018,timing_iat,CatBoost,"{""depth"": 6, ""iterations"": 200, ""learning_rate"": 0.1}",0.9999459584897623,0.9999588015616632,0.9999806120767374,0.9999369919979837
02-21-2018.csv,02-21-2018,timing_iat,KNN,"{""n_neighbors"": 5}",0.9999841054381654,0.9999878831646266,0.9999806132043465,0.9999951532306142
02-21-2018.csv,02-21-2018,timing_iat,LinearSVC,"{""C"": 1}",0.9897543654414078,0.9921304830852999,0.9996752479924421,0.9846987490488215
02-21-2018.csv,02-21-2018,timing_iat,MLP,"{""alpha"": 0.001, ""hidden_layer_sizes"": [50]}",0.9999268850155608,0.9999442617468368,0.9999515316013959,0.9999369919979837
02-21-2018.csv,02-21-2018,flags_and_protocol,LogisticRegression,"{""C"": 0.01}",0.998067221280911,0.9985249449280426,0.9996356835790445,0.9974166719173335
02-21-2018.csv,02-21-2018,flags_and_protocol,DecisionTree,"{""max_depth"": 5}",0.9985027322751794,0.9988598871506135,0.9977223710552531,1.0
02-21-2018.csv,02-21-2018,flags_and_protocol,RandomForest,"{""max_depth"": null, ""n_estimators"": 100}",0.9985027322751794,0.9988598871506135,0.9977223710552531,1.0
02-21-2018.csv,02-21-2018,flags_and_protocol,ExtraTrees,"{""max_depth"": null, ""n_estimators"": 100}",0.9985027322751794,0.9988598871506135,0.9977223710552531,1.0
02-21-2018.csv,02-21-2018,flags_and_protocol,XGBoost,"{""learning_rate"": 0.1, ""max_depth"": 5, ""n_estimators"": 200}",0.9983056397084301,0.9987066654048768,1.0,0.9974166719173335
02-21-2018.csv,02-21-2018,flags_and_protocol,LightGBM,"{""learning_rate"": 0.1, ""n_estimators"": 100, ""num_leaves"": 31}",0.9984836588009778,0.9988453801894351,0.9976934235976789,1.0
02-21-2018.csv,02-21-2018,flags_and_protocol,CatBoost,"{""depth"": 6, ""iterations"": 100, ""learning_rate"": 0.1}",0.9984868377133448,0.9988477979870353,0.9976982480572923,1.0
02-21-2018.csv,02-21-2018,flags_and_protocol,KNN,"{""n_neighbors"": 3}",0.9984931955380786,0.9988526336173509,0.9977078971164959,1.0
02-21-2018.csv,02-21-2018,flags_and_protocol,LinearSVC,"{""C"": 0.1}",0.9981212627911487,0.9985661291066087,0.9997182387004003,0.9974166719173335
02-21-2018.csv,02-21-2018,flags_and_protocol,MLP,"{""alpha"": 0.0001, ""hidden_layer_sizes"": [100]}",0.9981721253890194,0.9986048937899576,0.9997959500952233,0.9974166719173335
02-21-2018.csv,02-21-2018,rates_and_ratios,LogisticRegression,"{""C"": 0.01}",0.8416647328283101,0.863191144560112,0.9960950129004038,0.7615777203704871
02-21-2018.csv,02-21-2018,rates_and_ratios,DecisionTree,"{""max_depth"": 10}",0.9999841054381654,0.9999878830471713,0.9999903064142457,0.9999854596918424
02-21-2018.csv,02-21-2018,rates_and_ratios,RandomForest,"{""max_depth"": null, ""n_estimators"": 100}",0.9999809265257985,0.9999854596918424,0.9999854596918424,0.9999854596918424
02-21-2018.csv,02-21-2018,rates_and_ratios,ExtraTrees,"{""max_depth"": null, ""n_estimators"": 200}",0.9999841054381654,0.9999878830471713,0.9999903064142457,0.9999854596918424
02-21-2018.csv,02-21-2018,rates_and_ratios,XGBoost,"{""learning_rate"": 0.1, ""max_depth"": 3, ""n_estimators"": 200}",0.9964110079377442,0.9972640053120464,0.9972615885694345,0.9972664220663716
02-21-2018.csv,02-21-2018,rates_and_ratios,LightGBM,"{""learning_rate"": 0.1, ""n_estimators"": 100, ""num_leaves"": 31}",0.9983787546928694,0.9987625624178075,0.9999854240862117,0.997542687921366
02-21-2018.csv,02-21-2018,rates_and_ratios,CatBoost,"{""depth"": 4, ""iterations"": 200, ""learning_rate"": 0.1}",0.9980513267190764,0.9985166687234882,0.9970377314725326,1.0
02-21-2018.csv,02-21-2018,rates_and_ratios,KNN,"{""n_neighbors"": 3}",0.9999904632628992,0.999992729898776,0.9999854599032599,1.0
02-21-2018.csv,02-21-2018,rates_and_ratios,LinearSVC,"{""C"": 1}",0.8810705305286849,0.9164877160243046,0.8494821215017856,0.9949690533774712
02-21-2018.csv,02-21-2018,rates_and_ratios,MLP,"{""alpha"": 0.001, ""hidden_layer_sizes"": [100]}",0.9999904632628992,0.999992729898776,0.9999854599032599,1.0
02-21-2018.csv,02-21-2018,connection_activity,LogisticRegression,"{""C"": 0.01}",0.6578091571749641,0.7931076899421476,0.65714868123083,1.0
02-21-2018.csv,02-21-2018,connection_activity,DecisionTree,"{""max_depth"": 10}",0.9999809265257985,0.9999854599032599,0.9999709202293424,1.0
02-21-2018.csv,02-21-2018,connection_activity,RandomForest,"{""max_depth"": null, ""n_estimators"": 100}",0.9999872843505323,0.999990306555192,0.999980613298308,1.0
02-21-2018.csv,02-21-2018,connection_activity,ExtraTrees,"{""max_depth"": null, ""n_estimators"": 100}",0.9999872843505323,0.999990306555192,0.999980613298308,1.0
02-21-2018.csv,02-21-2018,connection_activity,XGBoost,"{""learning_rate"": 0.1, ""max_depth"": 3, ""n_estimators"": 200}",0.9999682108763308,0.9999757667403357,0.9999515346551449,1.0
02-21-2018.csv,02-21-2018,connection_activity,LightGBM,"{""learning_rate"": 0.1, ""n_estimators"": 200, ""num_leaves"": 31}",0.9999872843505323,0.999990306555192,0.999980613298308,1.0
02-21-2018.csv,02-21-2018,connection_activity,CatBoost,"{""depth"": 6, ""iterations"": 200, ""learning_rate"": 0.1}",0.9999618530515969,0.9999709202293424,0.9999418421499019,1.0
02-21-2018.csv,02-21-2018,connection_activity,KNN,"{""n_neighbors"": 3}",0.9999809265257985,0.9999854599032599,0.9999709202293424,1.0
02-21-2018.csv,02-21-2018,connection_activity,LinearSVC,"{""C"": 0.1}",0.9997361502735455,0.999798899520024,0.9995978799065919,1.0
02-21-2018.csv,02-21-2018,connection_activity,MLP,"{""alpha"": 0.001, ""hidden_layer_sizes"": [50]}",0.9999618530515969,0.9999709202293424,0.9999418421499019,1.0
02-22-2018.csv,02-22-2018,flow_metrics,LogisticRegression,"{""C"": 0.01}",0.9996452427370641,0.0,0.0,0.0
02-22-2018.csv,02-22-2018,flow_metrics,DecisionTree,"{""max_depth"": 10}",0.999808239317332,0.6551724137931034,0.8769230769230769,0.5229357798165137
02-22-2018.csv,02-22-2018,flow_metrics,RandomForest,"{""max_depth"": 10, ""n_estimators"": 100}",0.9998146313400875,0.6375,1.0,0.46788990825688076
02-22-2018.csv,02-22-2018,flow_metrics,ExtraTrees,"{""max_depth"": null, ""n_estimators"": 100}",0.999808239317332,0.6511627906976745,0.8888888888888888,0.5137614678899083
02-22-2018.csv,02-22-2018,flow_metrics,XGBoost,"{""learning_rate"": 0.1, ""max_depth"": 5, ""n_estimators"": 100}",0.999824219374221,0.6625766871165644,1.0,0.4954128440366973
02-22-2018.csv,02-22-2018,flow_metrics,LightGBM,"{""learning_rate"": 0.01, ""n_estimators"": 200, ""num_leaves"": 31}",0.999824219374221,0.6745562130177515,0.95,0.5229357798165137
02-22-2018.csv,02-22-2018,flow_metrics,CatBoost,"{""depth"": 6, ""iterations"": 200, ""learning_rate"": 0.1}",0.9998274153855988,0.6746987951807228,0.9824561403508771,0.5137614678899083
02-22-2018.csv,02-22-2018,flow_metrics,KNN,"{""n_neighbors"": 3}",0.9997986512831986,0.631578947368421,0.8709677419354839,0.4954128440366973
02-22-2018.csv,02-22-2018,flow_metrics,LinearSVC,"{""C"": 1}",0.9996484387484419,0.0,0.0,0.0
02-22-2018.csv,02-22-2018,flow_metrics,MLP,"{""alpha"": 0.001, ""hidden_layer_sizes"": [50]}",0.9997219470101314,0.43137254901960786,0.75,0.30275229357798167
02-22-2018.csv,02-22-2018,packet_size_stats,LogisticRegression,"{""C"": 0.01}",0.9996516347598198,0.0,0.0,0.0
02-22-2018.csv,02-22-2018,packet_size_stats,DecisionTree,"{""max_depth"": 10}",0.9998210233628432,0.6585365853658537,0.9818181818181818,0.4954128440366973
02-22-2018.csv,02-22-2018,packet_size_stats,RandomForest,"{""max_depth"": null, ""n_estimators"": 100}",0.9998274153855988,0.6707317073170732,1.0,0.5045871559633027
02-22-2018.csv,02-22-2018,packet_size_stats,ExtraTrees,"{""max_depth"": 20, ""n_estimators"": 100}",0.9998306113969766,0.6787878787878788,1.0,0.5137614678899083
02-22-2018.csv,02-22-2018,packet_size_stats,XGBoost,"{""learning_rate"": 0.1, ""max_depth"": 5, ""n_estimators"": 200}",0.9998306113969766,0.6787878787878788,1.0,0.5137614678899083
02-22-2018.csv,02-22-2018,packet_size_stats,LightGBM,"{""learning_rate"": 0.01, ""n_estimators"": 100, ""num_leaves"": 31}",0.999824219374221,0.6706586826347305,0.9655172413793104,0.5137614678899083
02-22-2018.csv,02-22-2018,packet_size_stats,CatBoost,"{""depth"": 4, ""iterations"": 200, ""learning_rate"": 0.1}",0.9998274153855988,0.6707317073170732,1.0,0.5045871559633027
02-22-2018.csv,02-22-2018,packet_size_stats,KNN,"{""n_neighbors"": 5}",0.999808239317332,0.6341463414634146,0.9454545454545454,0.47706422018348627
02-22-2018.csv,02-22-2018,packet_size_stats,LinearSVC,"{""C"": 0.1}",0.9997539071239093,0.48322147651006714,0.9,0.3302752293577982
02-22-2018.csv,02-22-2018,packet_size_stats,MLP,"{""alpha"": 0.0001, ""hidden_layer_sizes"": [50]}",0.9997219470101314,0.33587786259541985,1.0,0.2018348623853211
02-22-2018.csv,02-22-2018,timing_iat,LogisticRegression,"{""C"": 0.01}",0.9996452427370641,0.0,0.0,0.0
02-22-2018.csv,02-22-2018,timing_iat,DecisionTree,"{""max_depth"": 10}",0.9997954552718208,0.6190476190476191,0.8813559322033898,0.47706422018348627
02-22-2018.csv,02-22-2018,timing_iat,RandomForest,"{""max_depth"": 10, ""n_estimators"": 200}",0.9998146313400875,0.6375,1.0,0.46788990825688076
02-22-2018.csv,02-22-2018,timing_iat,ExtraTrees,"{""max_depth"": null, ""n_estimators"": 200}",0.9998146313400875,0.6506024096385542,0.9473684210526315,0.4954128440366973
02-22-2018.csv,02-22-2018,timing_iat,XGBoost,"{""learning_rate"": 0.1, ""max_depth"": 5, ""n_estimators"": 200}",0.9998210233628432,0.6666666666666666,0.9491525423728814,0.5137614678899083
02-22-2018.csv,02-22-2018,timing_iat,LightGBM,"{""learning_rate"": 0.01, ""n_estimators"": 200, ""num_leaves"": 50}",0.9998050433059542,0.6347305389221557,0.9137931034482759,0.48623853211009177
02-22-2018.csv,02-22-2018,timing_iat,CatBoost,"{""depth"": 6, ""iterations"": 200, ""learning_rate"": 0.1}",0.9998146313400875,0.6463414634146342,0.9636363636363636,0.48623853211009177
02-22-2018.csv,02-22-2018,timing_iat,KNN,"{""n_neighbors"": 5}",0.9998018472945763,0.6352941176470588,0.8852459016393442,0.4954128440366973
02-22-2018.csv,02-22-2018,timing_iat,LinearSVC,"{""C"": 10}",0.9997347310556426,0.4195804195804196,0.8823529411764706,0.27522935779816515
02-22-2018.csv,02-22-2018,timing_iat,MLP,"{""alpha"": 0.001, ""hidden_layer_sizes"": [100]}",0.9996516347598198,0.0,0.0,0.0
02-22-2018.csv,02-22-2018,flags_and_protocol,LogisticRegression,"{""C"": 0.01}",0.9996516347598198,0.0,0.0,0.0
02-22-2018.csv,02-22-2018,flags_and_protocol,DecisionTree,"{""max_depth"": 5}",1.0,1.0,1.0,1.0
02-22-2018.csv,02-22-2018,flags_and_protocol,RandomForest,"{""max_depth"": null, ""n_estimators"": 200}",0.9999968039886222,0.9953917050691244,1.0,0.9908256880733946
02-22-2018.csv,02-22-2018,flags_and_protocol,ExtraTrees,"{""max_depth"": null, ""n_estimators"": 100}",0.9999968039886222,0.9953917050691244,1.0,0.9908256880733946
02-22-2018.csv,02-22-2018,flags_and_protocol,XGBoost,"{""learning_rate"": 0.01, ""max_depth"": 3, ""n_estimators"": 200}",0.9999904119658666,0.9864253393665159,0.9732142857142857,1.0
02-22-2018.csv,02-22-2018,flags_and_protocol,LightGBM,"{""learning_rate"": 0.01, ""n_estimators"": 100, ""num_leaves"": 31}",1.0,1.0,1.0,1.0
02-22-2018.csv,02-22-2018,flags_and_protocol,CatBoost,"{""depth"": 4, ""iterations"": 200, ""learning_rate"": 0.1}",0.9999904119658666,0.9863013698630136,0.9818181818181818,0.9908256880733946
02-22-2018.csv,02-22-2018,flags_and_protocol,KNN,"{""n_neighbors"": 3}",0.9999872159544888,0.9814814814814815,0.9906542056074766,0.9724770642201835
02-22-2018.csv,02-22-2018,flags_and_protocol,LinearSVC,"{""C"": 0.1}",0.9996516347598198,0.0,0.0,0.0
02-22-2018.csv,02-22-2018,flags_and_protocol,MLP,"{""alpha"": 0.001, ""hidden_layer_sizes"": [100]}",0.999792259260443,0.6060606060606061,0.8928571428571429,0.45871559633027525
02-22-2018.csv,02-22-2018,rates_and_ratios,LogisticRegression,"{""C"": 0.01}",0.9996516347598198,0.0,0.0,0.0
02-22-2018.csv,02-22-2018,rates_and_ratios,DecisionTree,"{""max_depth"": 10}",0.9997187509987535,0.45,0.7058823529411765,0.3302752293577982
02-22-2018.csv,02-22-2018,rates_and_ratios,RandomForest,"{""max_depth"": 20, ""n_estimators"": 100}",0.9997347310556426,0.484472049689441,0.75,0.3577981651376147
02-22-2018.csv,02-22-2018,rates_and_ratios,ExtraTrees,"{""max_depth"": null, ""n_estimators"": 100}",0.9997219470101314,0.49122807017543857,0.6774193548387096,0.3853211009174312
02-22-2018.csv,02-22-2018,rates_and_ratios,XGBoost,"{""learning_rate"": 0.1, ""max_depth"": 5, ""n_estimators"": 200}",0.9996580267825753,0.08547008547008547,0.625,0.045871559633027525
02-22-2018.csv,02-22-2018,rates_and_ratios,LightGBM,"{""learning_rate"": 0.01, ""n_estimators"": 100, ""num_leaves"": 31}",0.9996484387484419,0.2465753424657534,0.4864864864864865,0.1651376146788991
02-22-2018.csv,02-22-2018,rates_and_ratios,CatBoost,"{""depth"": 6, ""iterations"": 200, ""learning_rate"": 0.1}",0.9996580267825753,0.06956521739130435,0.6666666666666666,0.03669724770642202
02-22-2018.csv,02-22-2018,rates_and_ratios,KNN,"{""n_neighbors"": 3}",0.9997666911694205,0.5408805031446541,0.86,0.3944954128440367
02-22-2018.csv,02-22-2018,rates_and_ratios,LinearSVC,"{""C"": 0.1}",0.9996516347598198,0.0,0.0,0.0
02-22-2018.csv,02-22-2018,rates_and_ratios,MLP,"{""alpha"": 0.0001, ""hidden_layer_sizes"": [50]}",0.9996516347598198,0.0,0.0,0.0
02-22-2018.csv,02-22-2018,connection_activity,LogisticRegression,"{""C"": 0.01}",0.9996516347598198,0.0,0.0,0.0
02-22-2018.csv,02-22-2018,connection_activity,DecisionTree,"{""max_depth"": 10}",0.9998050433059542,0.6347305389221557,0.9137931034482759,0.48623853211009177
02-22-2018.csv,02-22-2018,connection_activity,RandomForest,"{""max_depth"": null, ""n_estimators"": 100}",0.9998178273514654,0.6459627329192547,1.0,0.47706422018348627
02-22-2018.csv,02-22-2018,connection_activity,ExtraTrees,"{""max_depth"": null, ""n_estimators"": 100}",0.999824219374221,0.6625766871165644,1.0,0.4954128440366973
02-22-2018.csv,02-22-2018,connection_activity,XGBoost,"{""learning_rate"": 0.1, ""max_depth"": 5, ""n_estimators"": 200}",0.9998210233628432,0.654320987654321,1.0,0.48623853211009177
02-22-2018.csv,02-22-2018,connection_activity,LightGBM,"{""learning_rate"": 0.01, ""n_estimators"": 200, ""num_leaves"": 31}",0.999808239317332,0.6428571428571429,0.9152542372881356,0.4954128440366973
02-22-2018.csv,02-22-2018,connection_activity,CatBoost,"{""depth"": 6, ""iterations"": 200, ""learning_rate"": 0.1}",0.9998146313400875,0.6375,1.0,0.46788990825688076
02-22-2018.csv,02-22-2018,connection_activity,KNN,"{""n_neighbors"": 3}",0.999808239317332,0.625,0.9803921568627451,0.45871559633027525
02-22-2018.csv,02-22-2018,connection_activity,LinearSVC,"{""C"": 0.1}",0.9993703857585733,0.0,0.0,0.0
02-22-2018.csv,02-22-2018,connection_activity,MLP,"{""alpha"": 0.001, ""hidden_layer_sizes"": [50]}",0.9996452427370641,0.0,0.0,0.0
02-23-2018.csv,02-23-2018,flow_metrics,LogisticRegression,"{""C"": 0.01}",0.9995013760104328,0.15217391304347827,1.0,0.08235294117647059
02-23-2018.csv,02-23-2018,flow_metrics,DecisionTree,"{""max_depth"": 20}",0.999606854162072,0.5427509293680297,0.7373737373737373,0.4294117647058823
02-23-2018.csv,02-23-2018,flow_metrics,RandomForest,"{""max_depth"": 20, ""n_estimators"": 200}",0.9996547987764535,0.5462184873949579,0.9558823529411765,0.38235294117647056
02-23-2018.csv,02-23-2018,flow_metrics,ExtraTrees,"{""max_depth"": null, ""n_estimators"": 200}",0.9996643876993297,0.5882352941176471,0.8823529411764706,0.4411764705882353
02-23-2018.csv,02-23-2018,flow_metrics,XGBoost,"{""learning_rate"": 0.1, ""max_depth"": 5, ""n_estimators"": 200}",0.9996675840069552,0.5666666666666667,0.9714285714285714,0.4
02-23-2018.csv,02-23-2018,flow_metrics,LightGBM,"{""learning_rate"": 0.01, ""n_estimators"": 200, ""num_leaves"": 31}",0.9996547987764535,0.55,0.9428571428571428,0.38823529411764707
02-23-2018.csv,02-23-2018,flow_metrics,CatBoost,"{""depth"": 6, ""iterations"": 200, ""learning_rate"": 0.1}",0.9996771729298315,0.5774058577405857,1.0,0.40588235294117647
02-23-2018.csv,02-23-2018,flow_metrics,KNN,"{""n_neighbors"": 7}",0.99962922831545,0.5084745762711864,0.9090909090909091,0.35294117647058826
02-23-2018.csv,02-23-2018,flow_metrics,LinearSVC,"{""C"": 0.1}",0.9991306043258827,0.0,0.0,0.0
02-23-2018.csv,02-23-2018,flow_metrics,MLP,"{""alpha"": 0.001, ""hidden_layer_sizes"": [50]}",0.9994566277036767,0.0,0.0,0.0
02-23-2018.csv,02-23-2018,packet_size_stats,LogisticRegression,"{""C"": 0.01}",0.9994566277036767,0.0,0.0,0.0
02-23-2018.csv,02-23-2018,packet_size_stats,DecisionTree,"{""max_depth"": 10}",0.9996484061612025,0.5378151260504201,0.9411764705882353,0.3764705882352941
02-23-2018.csv,02-23-2018,packet_size_stats,RandomForest,"{""max_depth"": null, ""n_estimators"": 100}",0.9996579950840788,0.5446808510638298,0.9846153846153847,0.3764705882352941
02-23-2018.csv,02-23-2018,packet_size_stats,ExtraTrees,"{""max_depth"": null, ""n_estimators"": 100}",0.9996579950840788,0.5485232067510548,0.9701492537313433,0.38235294117647056
02-23-2018.csv,02-23-2018,packet_size_stats,XGBoost,"{""learning_rate"": 0.1, ""max_depth"": 3, ""n_estimators"": 200}",0.9996484061612025,0.5258620689655172,0.9838709677419355,0.3588235294117647
02-23-2018.csv,02-23-2018,packet_size_stats,LightGBM,"{""learning_rate"": 0.01, ""n_estimators"": 100, ""num_leaves"": 31}",0.9996643876993297,0.5531914893617021,1.0,0.38235294117647056
02-23-2018.csv,02-23-2018,packet_size_stats,CatBoost,"{""depth"": 4, ""iterations"": 100, ""learning_rate"": 0.1}",0.9996579950840788,0.5446808510638298,0.9846153846153847,0.3764705882352941
02-23-2018.csv,02-23-2018,packet_size_stats,KNN,"{""n_neighbors"": 3}",0.9996356209307009,0.5086206896551724,0.9516129032258065,0.34705882352941175
02-23-2018.csv,02-23-2018,packet_size_stats,LinearSVC,"{""C"": 0.1}",0.9995748910858177,0.3696682464454976,0.9512195121951219,0.22941176470588234
02-23-2018.csv,02-23-2018,packet_size_stats,MLP,"{""alpha"": 0.001, ""hidden_layer_sizes"": [50]}",0.9995525169324396,0.34579439252336447,0.8409090909090909,0.21764705882352942
02-23-2018.csv,02-23-2018,timing_iat,LogisticRegression,"{""C"": 0.01}",0.9994470387808004,0.2938775510204082,0.48,0.21176470588235294
02-23-2018.csv,02-23-2018,timing_iat,DecisionTree,"{""max_depth"": 20}",0.9996164430849482,0.5488721804511278,0.7604166666666666,0.4294117647058823
02-23-2018.csv,02-23-2018,timing_iat,RandomForest,"{""max_depth"": null, ""n_estimators"": 200}",0.9996675840069552,0.559322033898305,1.0,0.38823529411764707
02-23-2018.csv,02-23-2018,timing_iat,ExtraTrees,"{""max_depth"": null, ""n_estimators"": 100}",0.9996611913917043,0.5725806451612904,0.9102564102564102,0.4176470588235294
02-23-2018.csv,02-23-2018,timing_iat,XGBoost,"{""learning_rate"": 0.1, ""max_depth"": 5, ""n_estimators"": 200}",0.9996452098535772,0.5194805194805194,0.9836065573770492,0.35294117647058826
02-23-2018.csv,02-23-2018,timing_iat,LightGBM,"{""learning_rate"": 0.01, ""n_estimators"": 200, ""num_leaves"": 31}",0.9996484061612025,0.5258620689655172,0.9838709677419355,0.3588235294117647
02-23-2018.csv,02-23-2018,timing_iat,CatBoost,"{""depth"": 6, ""iterations"": 200, ""learning_rate"": 0.1}",0.9996484061612025,0.5217391304347826,1.0,0.35294117647058826
02-23-2018.csv,02-23-2018,timing_iat,KNN,"{""n_neighbors"": 3}",0.99962922831545,0.532258064516129,0.8461538461538461,0.38823529411764707
02-23-2018.csv,02-23-2018,timing_iat,LinearSVC,"{""C"": 1}",0.9992264935546457,0.14788732394366197,0.18421052631578946,0.12352941176470589
02-23-2018.csv,02-23-2018,timing_iat,MLP,"{""alpha"": 0.001, ""hidden_layer_sizes"": [50]}",0.9994566277036767,0.0,0.0,0.0
02-23-2018.csv,02-23-2018,flags_and_protocol,LogisticRegression,"{""C"": 0.01}",0.9994566277036767,0.0,0.0,0.0
02-23-2018.csv,02-23-2018,flags_and_protocol,DecisionTree,"{""max_depth"": 5}",0.9998625587721065,0.8552188552188552,1.0,0.7470588235294118
02-23-2018.csv,02-23-2018,flags_and_protocol,RandomForest,"{""max_depth"": null, ""n_estimators"": 100}",0.9998561661568556,0.8494983277591973,0.9844961240310077,0.7470588235294118
02-23-2018.csv,02-23-2018,flags_and_protocol,ExtraTrees,"{""max_depth"": 20, ""n_estimators"": 100}",0.9998561661568556,0.8494983277591973,0.9844961240310077,0.7470588235294118
02-23-2018.csv,02-23-2018,flags_and_protocol,XGBoost,"{""learning_rate"": 0.1, ""max_depth"": 5, ""n_estimators"": 200}",0.9998625587721065,0.8552188552188552,1.0,0.7470588235294118
02-23-2018.csv,02-23-2018,flags_and_protocol,LightGBM,"{""learning_rate"": 0.01, ""n_estimators"": 100, ""num_leaves"": 31}",0.9998625587721065,0.8552188552188552,1.0,0.7470588235294118
02-23-2018.csv,02-23-2018,flags_and_protocol,CatBoost,"{""depth"": 4, ""iterations"": 200, ""learning_rate"": 0.1}",0.9998625587721065,0.8552188552188552,1.0,0.7470588235294118
02-23-2018.csv,02-23-2018,flags_and_protocol,KNN,"{""n_neighbors"": 3}",0.9998497735416048,0.8395904436860068,1.0,0.7235294117647059
02-23-2018.csv,02-23-2018,flags_and_protocol,LinearSVC,"{""C"": 0.1}",0.9994566277036767,0.0,0.0,0.0
02-23-2018.csv,02-23-2018,flags_and_protocol,MLP,"{""alpha"": 0.0001, ""hidden_layer_sizes"": [100]}",0.9993735237054155,0.0,0.0,0.0
02-23-2018.csv,02-23-2018,rates_and_ratios,LogisticRegression,"{""C"": 0.01}",0.9994566277036767,0.0,0.0,0.0
02-23-2018.csv,02-23-2018,rates_and_ratios,DecisionTree,"{""max_depth"": 20}",0.9995972652391957,0.48360655737704916,0.7972972972972973,0.34705882352941175
02-23-2018.csv,02-23-2018,rates_and_ratios,RandomForest,"{""max_depth"": null, ""n_estimators"": 100}",0.9995972652391957,0.49193548387096775,0.782051282051282,0.3588235294117647
02-23-2018.csv,02-23-2018,rates_and_ratios,ExtraTrees,"{""max_depth"": null, ""n_estimators"": 200}",0.9996196393925737,0.5142857142857142,0.84,0.37058823529411766
02-23-2018.csv,02-23-2018,rates_and_ratios,XGBoost,"{""learning_rate"": 0.1, ""max_depth"": 3, ""n_estimators"": 100}",0.9994981797028073,0.16042780748663102,0.8823529411764706,0.08823529411764706
02-23-2018.csv,02-23-2018,rates_and_ratios,LightGBM,"{""learning_rate"": 0.01, ""n_estimators"": 100, ""num_leaves"": 31}",0.9995045723180582,0.16216216216216217,1.0,0.08823529411764706
02-23-2018.csv,02-23-2018,rates_and_ratios,CatBoost,"{""depth"": 6, ""iterations"": 200, ""learning_rate"": 0.1}",0.9994949833951818,0.1595744680851064,0.8333333333333334,0.08823529411764706
02-23-2018.csv,02-23-2018,rates_and_ratios,KNN,"{""n_neighbors"": 5}",0.9996196393925737,0.5102880658436214,0.8493150684931506,0.36470588235294116
02-23-2018.csv,02-23-2018,rates_and_ratios,LinearSVC,"{""C"": 0.1}",0.9994566277036767,0.0,0.0,0.0
02-23-2018.csv,02-23-2018,rates_and_ratios,MLP,"{""alpha"": 0.0001, ""hidden_layer_sizes"": [50]}",0.9994566277036767,0.0,0.0,0.0
02-23-2018.csv,02-23-2018,connection_activity,LogisticRegression,"{""C"": 0.01}",0.9994182720121716,0.0,0.0,0.0
02-23-2018.csv,02-23-2018,connection_activity,DecisionTree,"{""max_depth"": 20}",0.9996132467773229,0.550185873605948,0.7474747474747475,0.43529411764705883
02-23-2018.csv,02-23-2018,connection_activity,RandomForest,"{""max_depth"": null, ""n_estimators"": 200}",0.9996547987764535,0.5462184873949579,0.9558823529411765,0.38235294117647056
02-23-2018.csv,02-23-2018,connection_activity,ExtraTrees,"{""max_depth"": null, ""n_estimators"": 200}",0.9996611913917043,0.5725806451612904,0.9102564102564102,0.4176470588235294
02-23-2018.csv,02-23-2018,connection_activity,XGBoost,"{""learning_rate"": 0.1, ""max_depth"": 5, ""n_estimators"": 100}",0.9996260320078245,0.502127659574468,0.9076923076923077,0.34705882352941175
02-23-2018.csv,02-23-2018,connection_activity,LightGBM,"{""learning_rate"": 0.01, ""n_estimators"": 200, ""num_leaves"": 50}",0.9996228357001992,0.5083333333333333,0.8714285714285714,0.3588235294117647
02-23-2018.csv,02-23-2018,connection_activity,CatBoost,"{""depth"": 6, ""iterations"": 200, ""learning_rate"": 0.1}",0.9996388172383263,0.5150214592274678,0.9523809523809523,0.35294117647058826
02-23-2018.csv,02-23-2018,connection_activity,KNN,"{""n_neighbors"": 3}",0.9996100504696974,0.5,0.8243243243243243,0.3588235294117647
02-23-2018.csv,02-23-2018,connection_activity,LinearSVC,"{""C"": 0.1}",0.9991817452478896,0.0,0.0,0.0
02-23-2018.csv,02-23-2018,connection_activity,MLP,"{""alpha"": 0.001, ""hidden_layer_sizes"": [100]}",0.9995013760104328,0.1702127659574468,0.8888888888888888,0.09411764705882353
02-28-2018.csv,02-28-2018,flow_metrics,LogisticRegression,"{""C"": 0.01}",0.8875658396998973,0.0,0.0,0.0
02-28-2018.csv,02-28-2018,flow_metrics,DecisionTree,"{""max_depth"": 20}",0.8789428299948921,0.04868574388191117,0.20904373610081542,0.027551169947730936
02-28-2018.csv,02-28-2018,flow_metrics,RandomForest,"{""max_depth"": null, ""n_estimators"": 200}",0.8415508235798123,0.04292870649902133,0.06689412737799835,0.03160568609252113
02-28-2018.csv,02-28-2018,flow_metrics,ExtraTrees,"{""max_depth"": null, ""n_estimators"": 200}",0.8370635631154879,0.03500097586363932,0.05238048875474637,0.02628108055297738
02-28-2018.csv,02-28-2018,flow_metrics,XGBoost,"{""learning_rate"": 0.1, ""max_depth"": 5, ""n_estimators"": 200}",0.8879118585606713,0.012675374939525882,0.6582914572864321,0.006399296565873675
02-28-2018.csv,02-28-2018,flow_metrics,LightGBM,"{""learning_rate"": 0.1, ""n_estimators"": 200, ""num_leaves"": 50}",0.8882139385184901,0.012804966774991511,0.9041095890410958,0.006448146157979581
02-28-2018.csv,02-28-2018,flow_metrics,CatBoost,"{""depth"": 6, ""iterations"": 200, ""learning_rate"": 0.1}",0.8879118585606713,0.013057355643679273,0.6521739130434783,0.006594694934297298
02-28-2018.csv,02-28-2018,flow_metrics,KNN,"{""n_neighbors"": 3}",0.8602633038759605,0.10798681719374519,0.19128058626257607,0.07522837184309511
02-28-2018.csv,02-28-2018,flow_metrics,LinearSVC,"{""C"": 0.1}",0.8875658396998973,0.0,0.0,0.0
02-28-2018.csv,02-28-2018,flow_metrics,MLP,"{""alpha"": 0.0001, ""hidden_layer_sizes"": [100]}",0.8875658396998973,0.0,0.0,0.0
02-28-2018.csv,02-28-2018,packet_size_stats,LogisticRegression,"{""C"": 0.01}",0.8875658396998973,0.0,0.0,0.0
02-28-2018.csv,02-28-2018,packet_size_stats,DecisionTree,"{""max_depth"": 20}",0.8847153033706631,0.0036077091047185036,0.06386554621848739,0.0018562845000244248
02-28-2018.csv,02-28-2018,packet_size_stats,RandomForest,"{""max_depth"": null, ""n_estimators"": 100}",0.8805411075898962,0.005032021957913998,0.03959683225341973,0.0026867275658248252
02-28-2018.csv,02-28-2018,packet_size_stats,ExtraTrees,"{""max_depth"": null, ""n_estimators"": 100}",0.8807882639190207,0.004768673483424275,0.03886397608370702,0.0025401787895071074
02-28-2018.csv,02-28-2018,packet_size_stats,XGBoost,"{""learning_rate"": 0.1, ""max_depth"": 5, ""n_estimators"": 200}",0.8875658396998973,0.0,0.0,0.0
02-28-2018.csv,02-28-2018,packet_size_stats,LightGBM,"{""learning_rate"": 0.1, ""n_estimators"": 200, ""num_leaves"": 50}",0.8876372404171999,0.004379988320031147,0.5844155844155844,0.002198231644765766
02-28-2018.csv,02-28-2018,packet_size_stats,CatBoost,"{""depth"": 4, ""iterations"": 100, ""learning_rate"": 0.1}",0.8875658396998973,0.0,0.0,0.0
02-28-2018.csv,02-28-2018,packet_size_stats,KNN,"{""n_neighbors"": 3}",0.8686940808805356,0.06646100980124175,0.16562864927987545,0.04157100288212594
02-28-2018.csv,02-28-2018,packet_size_stats,LinearSVC,"{""C"": 10}",0.8874559924425087,0.0002927257647460604,0.11538461538461539,0.00014654877631771775
02-28-2018.csv,02-28-2018,packet_size_stats,MLP,"{""alpha"": 0.001, ""hidden_layer_sizes"": [50]}",0.8875603473370278,0.0,0.0,0.0
02-28-2018.csv,02-28-2018,timing_iat,LogisticRegression,"{""C"": 0.01}",0.8823975262397636,0.02183645500228415,0.16842847075405215,0.011675052513311513
02-28-2018.csv,02-28-2018,timing_iat,DecisionTree,"{""max_depth"": 20}",0.8811287904169253,0.05302997155983374,0.25419463087248323,0.029602852816178984
02-28-2018.csv,02-28-2018,timing_iat,RandomForest,"{""max_depth"": null, ""n_estimators"": 100}",0.8595108501628486,0.04644920782851817,0.09804847340258105,0.030433295881979384
02-28-2018.csv,02-28-2018,timing_iat,ExtraTrees,"{""max_depth"": null, ""n_estimators"": 200}",0.8573084126522071,0.047723773916868266,0.09558067831449127,0.03180108446094475
02-28-2018.csv,02-28-2018,timing_iat,XGBoost,"{""learning_rate"": 0.1, ""max_depth"": 5, ""n_estimators"": 200}",0.8882194308813595,0.01795020266357846,0.7351778656126482,0.009086024131698501
02-28-2018.csv,02-28-2018,timing_iat,LightGBM,"{""learning_rate"": 0.1, ""n_estimators"": 200, ""num_leaves"": 50}",0.8883842017674424,0.02138110372724646,0.752542372881356,0.010844609447511113
02-28-2018.csv,02-28-2018,timing_iat,CatBoost,"{""depth"": 6, ""iterations"": 200, ""learning_rate"": 0.1}",0.8883182934130092,0.015874552318265414,0.8586387434554974,0.00801133310536857
02-28-2018.csv,02-28-2018,timing_iat,KNN,"{""n_neighbors"": 3}",0.8702264501211066,0.06319879470303703,0.16775415701957483,0.038933124908407016
02-28-2018.csv,02-28-2018,timing_iat,LinearSVC,"{""C"": 1}",0.8786297653113346,0.039718407787241436,0.1798504525777253,0.022324263592399002
02-28-2018.csv,02-28-2018,timing_iat,MLP,"{""alpha"": 0.001, ""hidden_layer_sizes"": [50]}",0.8875658396998973,0.0,0.0,0.0
02-28-2018.csv,02-28-2018,flags_and_protocol,LogisticRegression,"{""C"": 0.01}",0.8875658396998973,0.0,0.0,0.0
02-28-2018.csv,02-28-2018,flags_and_protocol,DecisionTree,"{""max_depth"": 20}",0.8814308703747439,0.007265704037524142,0.06196078431372549,0.0038591177763665674
02-28-2018.csv,02-28-2018,flags_and_protocol,RandomForest,"{""max_depth"": null, ""n_estimators"": 100}",0.8752354850580268,0.011230086184382345,0.05153815421494207,0.0063015973816618635
02-28-2018.csv,02-28-2018,flags_and_protocol,ExtraTrees,"{""max_depth"": null, ""n_estimators"": 200}",0.8758671067880113,0.009987296859257961,0.04834605597964377,0.005568853500073275
02-28-2018.csv,02-28-2018,flags_and_protocol,XGBoost,"{""learning_rate"": 0.1, ""max_depth"": 5, ""n_estimators"": 200}",0.8875548549741584,0.0,0.0,0.0
02-28-2018.csv,02-28-2018,flags_and_protocol,LightGBM,"{""learning_rate"": 0.1, ""n_estimators"": 200, ""num_leaves"": 50}",0.8874175459024227,0.00039012971813127864,0.11428571428571428,0.00019539836842362367
02-28-2018.csv,02-28-2018,flags_and_protocol,CatBoost,"{""depth"": 6, ""iterations"": 200, ""learning_rate"": 0.1}",0.887549362611289,0.0,0.0,0.0
02-28-2018.csv,02-28-2018,flags_and_protocol,KNN,"{""n_neighbors"": 3}",0.866068731428948,0.05009543843247244,0.12365384615384616,0.031410287724097506
02-28-2018.csv,02-28-2018,flags_and_protocol,LinearSVC,"{""C"": 0.1}",0.8875658396998973,0.0,0.0,0.0
02-28-2018.csv,02-28-2018,flags_and_protocol,MLP,"{""alpha"": 0.0001, ""hidden_layer_sizes"": [50]}",0.8875658396998973,0.0,0.0,0.0
02-28-2018.csv,02-28-2018,rates_and_ratios,LogisticRegression,"{""C"": 0.01}",0.8875658396998973,0.0,0.0,0.0
02-28-2018.csv,02-28-2018,rates_and_ratios,DecisionTree,"{""max_depth"": 20}",0.8815571947207408,0.003511852502194908,0.03247863247863248,0.0018562845000244248
02-28-2018.csv,02-28-2018,rates_and_ratios,RandomForest,"{""max_depth"": null, ""n_estimators"": 100}",0.8438301541706258,0.013872511618228481,0.023914863087408825,0.009769918421181183
02-28-2018.csv,02-28-2018,rates_and_ratios,ExtraTrees,"{""max_depth"": null, ""n_estimators"": 100}",0.8447418864069511,0.011953862285914016,0.021009952082565425,0.008353280250109911
02-28-2018.csv,02-28-2018,rates_and_ratios,XGBoost,"{""learning_rate"": 0.1, ""max_depth"": 3, ""n_estimators"": 100}",0.8875658396998973,0.0,0.0,0.0
02-28-2018.csv,02-28-2018,rates_and_ratios,LightGBM,"{""learning_rate"": 0.1, ""n_estimators"": 200, ""num_leaves"": 50}",0.8882194308813595,0.011846960574868906,0.976,0.005959650236920522
02-28-2018.csv,02-28-2018,rates_and_ratios,CatBoost,"{""depth"": 4, ""iterations"": 100, ""learning_rate"": 0.1}",0.8875658396998973,0.0,0.0,0.0
02-28-2018.csv,02-28-2018,rates_and_ratios,KNN,"{""n_neighbors"": 3}",0.8598403919350144,0.1295494081931985,0.21467329866606374,0.09276537540911534
02-28-2018.csv,02-28-2018,rates_and_ratios,LinearSVC,"{""C"": 0.1}",0.8875658396998973,0.0,0.0,0.0
02-28-2018.csv,02-28-2018,rates_and_ratios,MLP,"{""alpha"": 0.0001, ""hidden_layer_sizes"": [50]}",0.8875658396998973,0.0,0.0,0.0
02-28-2018.csv,02-28-2018,connection_activity,LogisticRegression,"{""C"": 0.01}",0.8875658396998973,0.0,0.0,0.0
02-28-2018.csv,02-28-2018,connection_activity,DecisionTree,"{""max_depth"": 20}",0.8828588847207958,0.06660831509846828,0.3198823034888609,0.037174539592594404
02-28-2018.csv,02-28-2018,connection_activity,RandomForest,"{""max_depth"": null, ""n_estimators"": 100}",0.8815736718093491,0.0489590684544813,0.2521581099500227,0.027111523618777784
02-28-2018.csv,02-28-2018,connection_activity,ExtraTrees,"{""max_depth"": null, ""n_estimators"": 200}",0.8774928461973626,0.03654269793961384,0.1578358208955224,0.020663377460798202
02-28-2018.csv,02-28-2018,connection_activity,XGBoost,"{""learning_rate"": 0.1, ""max_depth"": 5, ""n_estimators"": 200}",0.8881480301640569,0.01518448667730548,0.7548076923076923,0.007669385960627229
02-28-2018.csv,02-28-2018,connection_activity,LightGBM,"{""learning_rate"": 0.1, ""n_estimators"": 200, ""num_leaves"": 50}",0.8884226483075284,0.024864397830365287,0.7154696132596685,0.012652044355429631
02-28-2018.csv,02-28-2018,connection_activity,CatBoost,"{""depth"": 6, ""iterations"": 200, ""learning_rate"": 0.1}",0.8883512475902258,0.016831108531630876,0.848780487804878,0.00849982902642763
02-28-2018.csv,02-28-2018,connection_activity,KNN,"{""n_neighbors"": 3}",0.8726101356064393,0.06392767777867463,0.1838866960761551,0.03868887694787748
02-28-2018.csv,02-28-2018,connection_activity,LinearSVC,"{""C"": 1}",0.8875658396998973,0.0,0.0,0.0
02-28-2018.csv,02-28-2018,connection_activity,MLP,"{""alpha"": 0.0001, ""hidden_layer_sizes"": [100]}",0.8866321380120942,0.0017410649513952701,0.08737864077669903,0.0008792926579063065
03-01-2018.csv,03-01-2018,flow_metrics,LogisticRegression,"{""C"": 0.01}",0.7184398963993702,0.0,0.0,0.0
03-01-2018.csv,03-01-2018,flow_metrics,DecisionTree,"{""max_depth"": 20}",0.7582042557513585,0.3897462189182261,0.6733988838692533,0.27423253129396485
03-01-2018.csv,03-01-2018,flow_metrics,RandomForest,"{""max_depth"": null, ""n_estimators"": 200}",0.7431110659692245,0.40901018786802507,0.580563847429519,0.315717326214783
03-01-2018.csv,03-01-2018,flow_metrics,ExtraTrees,"{""max_depth"": null, ""n_estimators"": 100}",0.7343050124422325,0.4087960765701629,0.5472588648190729,0.32625085675119947
03-01-2018.csv,03-01-2018,flow_metrics,XGBoost,"{""learning_rate"": 0.1, ""max_depth"": 5, ""n_estimators"": 200}",0.7740592148697374,0.3605369822059965,0.8874893857911124,0.22621839038995709
03-01-2018.csv,03-01-2018,flow_metrics,LightGBM,"{""learning_rate"": 0.1, ""n_estimators"": 200, ""num_leaves"": 50}",0.7756843227870601,0.3700259577259891,0.8841330425299891,0.23397424335341438
03-01-2018.csv,03-01-2018,flow_metrics,CatBoost,"{""depth"": 6, ""iterations"": 200, ""learning_rate"": 0.1}",0.7740896856431873,0.35975820379965456,0.8902977632141331,0.22542476822625446
03-01-2018.csv,03-01-2018,flow_metrics,KNN,"{""n_neighbors"": 3}",0.7219541922705804,0.4111510249736497,0.5092178175618073,0.3447566826593557
03-01-2018.csv,03-01-2018,flow_metrics,LinearSVC,"{""C"": 0.1}",0.7184398963993702,0.0,0.0,0.0
03-01-2018.csv,03-01-2018,flow_metrics,MLP,"{""alpha"": 0.001, ""hidden_layer_sizes"": [50]}",0.49161545883906355,0.4372336717599307,0.317608624632473,0.7014176977742506
03-01-2018.csv,03-01-2018,packet_size_stats,LogisticRegression,"{""C"": 0.01}",0.7179218932507236,0.0002159982720138239,0.05263157894736842,0.00010822120414126474
03-01-2018.csv,03-01-2018,packet_size_stats,DecisionTree,"{""max_depth"": 20}",0.7300695749327104,0.4176527303006398,0.5319564610661457,0.3437826918220843
03-01-2018.csv,03-01-2018,packet_size_stats,RandomForest,"{""max_depth"": null, ""n_estimators"": 100}",0.7283835254684882,0.42321628849969806,0.5262565037815802,0.3539194112766495
03-01-2018.csv,03-01-2018,packet_size_stats,ExtraTrees,"{""max_depth"": null, ""n_estimators"": 200}",0.727845208470875,0.4228325255788907,0.5247540633019675,0.3540637062155045
03-01-2018.csv,03-01-2018,packet_size_stats,XGBoost,"{""learning_rate"": 0.1, ""max_depth"": 5, ""n_estimators"": 200}",0.7321314306028135,0.41373791263754583,0.5390407784986099,0.3357021752462032
03-01-2018.csv,03-01-2018,packet_size_stats,LightGBM,"{""learning_rate"": 0.1, ""n_estimators"": 200, ""num_leaves"": 50}",0.7321212736783302,0.41588412473423103,0.5386380586311743,0.3386962952274449
03-01-2018.csv,03-01-2018,packet_size_stats,CatBoost,"{""depth"": 6, ""iterations"": 200, ""learning_rate"": 0.1}",0.7317759382458991,0.41385892484574066,0.5378757283793919,0.3363154287363371
03-01-2018.csv,03-01-2018,packet_size_stats,KNN,"{""n_neighbors"": 3}",0.6424864151135037,0.24741827200615765,0.30372703412073493,0.20872262905378594
03-01-2018.csv,03-01-2018,packet_size_stats,LinearSVC,"{""C"": 0.1}",0.7189680564725002,0.004031532342248299,0.9333333333333333,0.0020201291439702752
03-01-2018.csv,03-01-2018,packet_size_stats,MLP,"{""alpha"": 0.001, ""hidden_layer_sizes"": [50]}",0.7003504138946727,0.11202745003611847,0.338179174995457,0.0671332203022979
03-01-2018.csv,03-01-2018,timing_iat,LogisticRegression,"{""C"": 0.01}",0.7187953887562846,0.044915137298192354,0.5138121546961326,0.02348400129865445
03-01-2018.csv,03-01-2018,timing_iat,DecisionTree,"{""max_depth"": 20}",0.7216494845360825,0.1467135784786873,0.5359417652411284,0.08498971898560657
03-01-2018.csv,03-01-2018,timing_iat,RandomForest,"{""max_depth"": null, ""n_estimators"": 100}",0.7177796963079579,0.17031949835771873,0.4943664413243196,0.10288229140362902
03-01-2018.csv,03-01-2018,timing_iat,ExtraTrees,"{""max_depth"": null, ""n_estimators"": 200}",0.7126606063683917,0.18369113573407203,0.45897620764239366,0.11482269759388189
03-01-2018.csv,03-01-2018,timing_iat,XGBoost,"{""learning_rate"": 0.1, ""max_depth"": 5, ""n_estimators"": 200}",0.7305977350058402,0.10045445296072712,0.8390934844192635,0.053425201111071026
03-01-2018.csv,03-01-2018,timing_iat,LightGBM,"{""learning_rate"": 0.1, ""n_estimators"": 200, ""num_leaves"": 50}",0.7314610735869179,0.10958811841174687,0.8250507099391481,0.058691966379279245
03-01-2018.csv,03-01-2018,timing_iat,CatBoost,"{""depth"": 6, ""iterations"": 200, ""learning_rate"": 0.1}",0.7306078919303235,0.09850107066381156,0.8523529411764705,0.05227084160023087
03-01-2018.csv,03-01-2018,timing_iat,KNN,"{""n_neighbors"": 3}",0.697313493474176,0.19986575379245536,0.3908021839563209,0.1342664406045958
03-01-2018.csv,03-01-2018,timing_iat,LinearSVC,"{""C"": 0.1}",0.7188969580011173,0.04440301084179269,0.5181305398871877,0.02319541142094441
03-01-2018.csv,03-01-2018,timing_iat,MLP,"{""alpha"": 0.0001, ""hidden_layer_sizes"": [50]}",0.7184398963993702,0.0,0.0,0.0
03-01-2018.csv,03-01-2018,flags_and_protocol,LogisticRegression,"{""C"": 0.01}",0.7184398963993702,0.0,0.0,0.0
03-01-2018.csv,03-01-2018,flags_and_protocol,DecisionTree,"{""max_depth"": 20}",0.7726270885175969,0.4786921894648596,0.6752512975494382,0.370765845387973
03-01-2018.csv,03-01-2018,flags_and_protocol,RandomForest,"{""max_depth"": null, ""n_estimators"": 200}",0.773510740947641,0.4863993366653615,0.6727191641182467,0.38090256484253815
03-01-2018.csv,03-01-2018,flags_and_protocol,ExtraTrees,"{""max_depth"": null, ""n_estimators"": 200}",0.7734904270986745,0.4858084895437043,0.6731629392971246,0.38003679520940803
03-01-2018.csv,03-01-2018,flags_and_protocol,XGBoost,"{""learning_rate"": 0.1, ""max_depth"": 5, ""n_estimators"": 200}",0.7720278299730842,0.46803972222880574,0.6822830292979547,0.356192056563616
03-01-2018.csv,03-01-2018,flags_and_protocol,LightGBM,"{""learning_rate"": 0.1, ""n_estimators"": 200, ""num_leaves"": 50}",0.7744350210756183,0.4731448092617195,0.6910124038528168,0.359727282565564
03-01-2018.csv,03-01-2018,flags_and_protocol,CatBoost,"{""depth"": 6, ""iterations"": 200, ""learning_rate"": 0.1}",0.7726778731400132,0.46822059068120797,0.6858554921342057,0.3554345081346272
03-01-2018.csv,03-01-2018,flags_and_protocol,KNN,"{""n_neighbors"": 7}",0.7544157229191001,0.4552684344515286,0.6062642505700228,0.3644890155477797
03-01-2018.csv,03-01-2018,flags_and_protocol,LinearSVC,"{""C"": 0.1}",0.7184398963993702,0.0,0.0,0.0
03-01-2018.csv,03-01-2018,flags_and_protocol,MLP,"{""alpha"": 0.001, ""hidden_layer_sizes"": [50]}",0.7475394850439288,0.3400945149471672,0.6440422322775264,0.23105227084160024
03-01-2018.csv,03-01-2018,rates_and_ratios,LogisticRegression,"{""C"": 0.01}",0.7184398963993702,0.0,0.0,0.0
03-01-2018.csv,03-01-2018,rates_and_ratios,DecisionTree,"{""max_depth"": 20}",0.7328322583921588,0.30150300069042435,0.5712991848646473,0.20479059196998664
03-01-2018.csv,03-01-2018,rates_and_ratios,RandomForest,"{""max_depth"": null, ""n_estimators"": 200}",0.6927936620791224,0.34147615937295883,0.43066615409962106,0.28289022762526606
03-01-2018.csv,03-01-2018,rates_and_ratios,ExtraTrees,"{""max_depth"": null, ""n_estimators"": 200}",0.6935046467929511,0.3387676395827855,0.4314819983254256,0.2788499693373255
03-01-2018.csv,03-01-2018,rates_and_ratios,XGBoost,"{""learning_rate"": 0.1, ""max_depth"": 5, ""n_estimators"": 200}",0.739434259306282,0.28615949691134734,0.6257758305951077,0.18549114389812776
03-01-2018.csv,03-01-2018,rates_and_ratios,LightGBM,"{""learning_rate"": 0.1, ""n_estimators"": 200, ""num_leaves"": 50}",0.7403280686608095,0.29238859673401607,0.628136520394815,0.19054146675805347
03-01-2018.csv,03-01-2018,rates_and_ratios,CatBoost,"{""depth"": 6, ""iterations"": 200, ""learning_rate"": 0.1}",0.7388045299883196,0.2872900615265229,0.6199019256069848,0.18697016702139171
03-01-2018.csv,03-01-2018,rates_and_ratios,KNN,"{""n_neighbors"": 5}",0.7008379462698695,0.33989242492155985,0.44872477661400084,0.27354713033440353
03-01-2018.csv,03-01-2018,rates_and_ratios,LinearSVC,"{""C"": 0.1}",0.7184398963993702,0.0,0.0,0.0
03-01-2018.csv,03-01-2018,rates_and_ratios,MLP,"{""alpha"": 0.0001, ""hidden_layer_sizes"": [50]}",0.7239754202427505,0.058415910193333795,0.7388255915863278,0.030410158363695393
03-01-2018.csv,03-01-2018,connection_activity,LogisticRegression,"{""C"": 0.01}",0.6701843481793713,0.09604142308334725,0.2103402024143397,0.06222719238122723
03-01-2018.csv,03-01-2018,connection_activity,DecisionTree,"{""max_depth"": 20}",0.7272053222284293,0.42694375693436887,0.5225361675458297,0.3609177158111179
03-01-2018.csv,03-01-2018,connection_activity,RandomForest,"{""max_depth"": null, ""n_estimators"": 200}",0.7310243258341375,0.4307149920460897,0.5329573868170453,0.36138667436239674
03-01-2018.csv,03-01-2018,connection_activity,ExtraTrees,"{""max_depth"": null, ""n_estimators"": 100}",0.7296632979533797,0.4324704678237878,0.5288105543098504,0.36582374373218857
03-01-2018.csv,03-01-2018,connection_activity,XGBoost,"{""learning_rate"": 0.1, ""max_depth"": 5, ""n_estimators"": 200}",0.7326291199024936,0.4164486810019951,0.5401690724020933,0.3388405901662999
03-01-2018.csv,03-01-2018,connection_activity,LightGBM,"{""learning_rate"": 0.1, ""n_estimators"": 200, ""num_leaves"": 50}",0.7330455538063074,0.41919872715621065,0.5410107232489163,0.34215937375996536
03-01-2018.csv,03-01-2018,connection_activity,CatBoost,"{""depth"": 6, ""iterations"": 200, ""learning_rate"": 0.1}",0.7314306028134681,0.41119622339004186,0.5372083551521499,0.33306879261209915
03-01-2018.csv,03-01-2018,connection_activity,KNN,"{""n_neighbors"": 3}",0.6809913158295668,0.43498596819457436,0.43384648508989127,0.43613145268929693
03-01-2018.csv,03-01-2018,connection_activity,LinearSVC,"{""C"": 0.1}",0.6680310801889188,0.09587828492392808,0.20559971526871515,0.06251578225893727
03-01-2018.csv,03-01-2018,connection_activity,MLP,"{""alpha"": 0.001, ""hidden_layer_sizes"": [100]}",0.7184703671728201,0.0006489760599942314,0.6,0.00032466361242379423
03-02-2018.csv,03-02-2018,flow_metrics,LogisticRegression,"{""C"": 0.01}",0.7260098673083183,0.0,0.0,0.0
03-02-2018.csv,03-02-2018,flow_metrics,DecisionTree,"{""max_depth"": 10}",0.9984235283605333,0.9971284746038573,0.9952771621198232,0.9989866871658688
03-02-2018.csv,03-02-2018,flow_metrics,RandomForest,"{""max_depth"": 10, ""n_estimators"": 100}",0.9984809706469916,0.9972326224971513,0.9955541109963203,0.9989168035221356
03-02-2018.csv,03-02-2018,flow_metrics,ExtraTrees,"{""max_depth"": null, ""n_estimators"": 200}",0.9984394845512162,0.9971575221033174,0.9953119197920535,0.9990099817137799
03-02-2018.csv,03-02-2018,flow_metrics,XGBoost,"{""learning_rate"": 0.1, ""max_depth"": 5, ""n_estimators"": 200}",0.9985256479809036,0.9973143594572913,0.9955088256797688,0.9991264544533351
03-02-2018.csv,03-02-2018,flow_metrics,LightGBM,"{""learning_rate"": 0.1, ""n_estimators"": 100, ""num_leaves"": 50}",0.9985862815054986,0.997424972534978,0.9955558134137851,0.9993011635626682
03-02-2018.csv,03-02-2018,flow_metrics,CatBoost,"{""depth"": 6, ""iterations"": 200, ""learning_rate"": 0.1}",0.9984969268376744,0.9972617711863914,0.9955543690221933,0.9989750398919133
03-02-2018.csv,03-02-2018,flow_metrics,KNN,"{""n_neighbors"": 5}",0.9985416041715864,0.9973430695976233,0.9956701413878764,0.9990216289877354
03-02-2018.csv,03-02-2018,flow_metrics,LinearSVC,"{""C"": 0.1}",0.725997102355772,0.0,0.0,0.0
03-02-2018.csv,03-02-2018,flow_metrics,MLP,"{""alpha"": 0.001, ""hidden_layer_sizes"": [100]}",0.9929377900037657,0.9869847263146132,0.9968517594506617,0.9773111103346261
03-02-2018.csv,03-02-2018,packet_size_stats,LogisticRegression,"{""C"": 0.01}",0.7260098673083183,0.0,0.0,0.0
03-02-2018.csv,03-02-2018,packet_size_stats,DecisionTree,"{""max_depth"": 10}",0.8798722228250117,0.820090521093709,0.695394566204124,0.9992778690147571
03-02-2018.csv,03-02-2018,packet_size_stats,RandomForest,"{""max_depth"": null, ""n_estimators"": 100}",0.8798562666343288,0.8200485631799324,0.6954075635361355,0.9991264544533351
03-02-2018.csv,03-02-2018,packet_size_stats,ExtraTrees,"{""max_depth"": null, ""n_estimators"": 100}",0.8798530753961922,0.8200429231732557,0.6954050942814988,0.9991148071793796
03-02-2018.csv,03-02-2018,packet_size_stats,XGBoost,"{""learning_rate"": 0.1, ""max_depth"": 3, ""n_estimators"": 200}",0.8798115893004168,0.8199506635560485,0.6954078446954646,0.9988352726044469
03-02-2018.csv,03-02-2018,packet_size_stats,LightGBM,"{""learning_rate"": 0.1, ""n_estimators"": 200, ""num_leaves"": 50}",0.8798562666343288,0.8200485631799324,0.6954075635361355,0.9991264544533351
03-02-2018.csv,03-02-2018,packet_size_stats,CatBoost,"{""depth"": 6, ""iterations"": 200, ""learning_rate"": 0.1}",0.8798754140631482,0.8200892814468566,0.6954097058418242,0.9992429271928905
03-02-2018.csv,03-02-2018,packet_size_stats,KNN,"{""n_neighbors"": 3}",0.8796711748224076,0.8198178394961436,0.6950870682041018,0.9991031599054241
03-02-2018.csv,03-02-2018,packet_size_stats,LinearSVC,"{""C"": 1}",0.854900784406334,0.6520874142997062,0.9504583881689009,0.49629034324516347
03-02-2018.csv,03-02-2018,packet_size_stats,MLP,"{""alpha"": 0.001, ""hidden_layer_sizes"": [50]}",0.8795913938689933,0.8196475261344027,0.6950790433725172,0.9986139743992919
03-02-2018.csv,03-02-2018,timing_iat,LogisticRegression,"{""C"": 0.01}",0.7259492337837234,0.0004190334295558246,0.32727272727272727,0.00020965093119955274
03-02-2018.csv,03-02-2018,timing_iat,DecisionTree,"{""max_depth"": 10}",0.9979161214968183,0.9962062895420242,0.9938217224991306,0.9986023271253364
03-02-2018.csv,03-02-2018,timing_iat,RandomForest,"{""max_depth"": 10, ""n_estimators"": 200}",0.9980278148315984,0.9964099823403662,0.9939272428059847,0.9989051562481801
03-02-2018.csv,03-02-2018,timing_iat,ExtraTrees,"{""max_depth"": null, ""n_estimators"": 200}",0.9979576075925938,0.9962822687454981,0.993776871284375,0.9988003307825803
03-02-2018.csv,03-02-2018,timing_iat,XGBoost,"{""learning_rate"": 0.1, ""max_depth"": 5, ""n_estimators"": 200}",0.9980820658799201,0.9965091221691071,0.9939169930248186,0.9991148071793796
03-02-2018.csv,03-02-2018,timing_iat,LightGBM,"{""learning_rate"": 0.1, ""n_estimators"": 200, ""num_leaves"": 50}",0.9901263092054455,0.9822563255568555,0.9675083319211433,0.9974608942776944
03-02-2018.csv,03-02-2018,timing_iat,CatBoost,"{""depth"": 6, ""iterations"": 200, ""learning_rate"": 0.1}",0.9980022849265058,0.99636173427874,0.9943621451689616,0.9983693816462257
03-02-2018.csv,03-02-2018,timing_iat,KNN,"{""n_neighbors"": 5}",0.9979225039730915,0.9962180846428675,0.9937875240501635,0.998660563495114
03-02-2018.csv,03-02-2018,timing_iat,LinearSVC,"{""C"": 0.1}",0.7261119869286886,0.0012800372374469076,0.7051282051282052,0.000640600067554189
03-02-2018.csv,03-02-2018,timing_iat,MLP,"{""alpha"": 0.0001, ""hidden_layer_sizes"": [100]}",0.9750796213915075,0.9542318940810334,0.9603841253362276,0.9481579836239328
03-02-2018.csv,03-02-2018,flags_and_protocol,LogisticRegression,"{""C"": 0.01}",0.7260098673083183,0.0,0.0,0.0
03-02-2018.csv,03-02-2018,flags_and_protocol,DecisionTree,"{""max_depth"": 5}",0.9997447009490742,0.9995339027488085,0.9999766848136534,0.9990915126314686
03-02-2018.csv,03-02-2018,flags_and_protocol,RandomForest,"{""max_depth"": 10, ""n_estimators"": 200}",0.9997447009490742,0.9995339027488085,0.9999766848136534,0.9990915126314686
03-02-2018.csv,03-02-2018,flags_and_protocol,ExtraTrees,"{""max_depth"": null, ""n_estimators"": 100}",0.9997415097109377,0.9995280682844409,0.999988341999114,0.9990682180835575
03-02-2018.csv,03-02-2018,flags_and_protocol,XGBoost,"{""learning_rate"": 0.1, ""max_depth"": 5, ""n_estimators"": 200}",0.9997000236151622,0.9994523803975486,0.9998135089457427,0.9990915126314686
03-02-2018.csv,03-02-2018,flags_and_protocol,LightGBM,"{""learning_rate"": 0.1, ""n_estimators"": 200, ""num_leaves"": 31}",0.9997447009490742,0.9995339027488085,0.9999766848136534,0.9990915126314686
03-02-2018.csv,03-02-2018,flags_and_protocol,CatBoost,"{""depth"": 6, ""iterations"": 100, ""learning_rate"": 0.1}",0.9997223622821182,0.9994931399108625,0.9998950902224087,0.9990915126314686
03-02-2018.csv,03-02-2018,flags_and_protocol,KNN,"{""n_neighbors"": 3}",0.999731935996528,0.9995106092914322,0.9999300577023955,0.9990915126314686
03-02-2018.csv,03-02-2018,flags_and_protocol,LinearSVC,"{""C"": 0.1}",0.7135225524799111,0.001734759691301737,0.019169329073482427,0.0009084873685313952
03-02-2018.csv,03-02-2018,flags_and_protocol,MLP,"{""alpha"": 0.001, ""hidden_layer_sizes"": [100]}",0.9985990464580448,0.9974473924445142,0.9959012586503182,0.9989983344398243
03-02-2018.csv,03-02-2018,rates_and_ratios,LogisticRegression,"{""C"": 0.01}",0.7260098673083183,0.0,0.0,0.0
03-02-2018.csv,03-02-2018,rates_and_ratios,DecisionTree,"{""max_depth"": 20}",0.9927654631443907,0.9868984528962683,0.9794324125906213,0.9944791921450784
03-02-2018.csv,03-02-2018,rates_and_ratios,RandomForest,"{""max_depth"": null, ""n_estimators"": 200}",0.9949450787916696,0.9908128110246268,0.9868063819217394,0.9948519049116554
03-02-2018.csv,03-02-2018,rates_and_ratios,ExtraTrees,"{""max_depth"": null, ""n_estimators"": 200}",0.9949259313628501,0.9907783319800487,0.986737982740894,0.9948519049116554
03-02-2018.csv,03-02-2018,rates_and_ratios,XGBoost,"{""learning_rate"": 0.1, ""max_depth"": 5, ""n_estimators"": 200}",0.9907358356895308,0.9832325437669306,0.9752394701865347,0.9913577227249962
03-02-2018.csv,03-02-2018,rates_and_ratios,LightGBM,"{""learning_rate"": 0.1, ""n_estimators"": 200, ""num_leaves"": 50}",0.9902507674927719,0.9824256614106642,0.9705942529780849,0.9945490757888116
03-02-2018.csv,03-02-2018,rates_and_ratios,CatBoost,"{""depth"": 6, ""iterations"": 200, ""learning_rate"": 0.1}",0.9904964928292879,0.9827815488511397,0.9757856183335821,0.9898785189326438
03-02-2018.csv,03-02-2018,rates_and_ratios,KNN,"{""n_neighbors"": 3}",0.9944759667855935,0.989951178167759,0.9868290085877641,0.9930931665443703
03-02-2018.csv,03-02-2018,rates_and_ratios,LinearSVC,"{""C"": 0.1}",0.7260098673083183,0.0,0.0,0.0
03-02-2018.csv,03-02-2018,rates_and_ratios,MLP,"{""alpha"": 0.0001, ""hidden_layer_sizes"": [100]}",0.9895837987222282,0.9810844015855722,0.9763203727839999,0.9858951512398523
03-02-2018.csv,03-02-2018,connection_activity,LogisticRegression,"{""C"": 0.01}",0.7260098673083183,0.0,0.0,0.0
03-02-2018.csv,03-02-2018,connection_activity,DecisionTree,"{""max_depth"": 20}",0.9118739588585579,0.8614059653401991,0.7568125297634796,0.9995457563157343
03-02-2018.csv,03-02-2018,connection_activity,RandomForest,"{""max_depth"": null, ""n_estimators"": 100}",0.9118835325729676,0.8614203262233375,0.7568280228938294,0.9995574035896898
03-02-2018.csv,03-02-2018,connection_activity,ExtraTrees,"{""max_depth"": null, ""n_estimators"": 100}",0.9118739588585579,0.8614059653401991,0.7568125297634796,0.9995457563157343
03-02-2018.csv,03-02-2018,connection_activity,XGBoost,"{""learning_rate"": 0.1, ""max_depth"": 5, ""n_estimators"": 200}",0.9118739588585579,0.8614031829839345,0.7568215892053973,0.9995224617678232
03-02-2018.csv,03-02-2018,connection_activity,LightGBM,"{""learning_rate"": 0.1, ""n_estimators"": 200, ""num_leaves"": 31}",0.9118803413348311,0.8614160029309765,0.7568213485722348,0.9995574035896898
03-02-2018.csv,03-02-2018,connection_activity,CatBoost,"{""depth"": 6, ""iterations"": 200, ""learning_rate"": 0.1}",0.9118835325729676,0.8614203262233375,0.7568280228938294,0.9995574035896898
03-02-2018.csv,03-02-2018,connection_activity,KNN,"{""n_neighbors"": 3}",0.9117463093330951,0.8612414263709026,0.7565185198244099,0.9996156399594675
03-02-2018.csv,03-02-2018,connection_activity,LinearSVC,"{""C"": 0.1}",0.7260066760701817,0.0,0.0,0.0
03-02-2018.csv,03-02-2018,connection_activity,MLP,"{""alpha"": 0.001, ""hidden_layer_sizes"": [50]}",0.911433567995711,0.8606854039184583,0.7562944404255695,0.998509148933692
